ItemID, Domain Name, Traffic, Bids, Price, Estimated Value, Domain Age, Auction End Time, Sale Type
515001159,ypc.com,0,39,?1 107 196,More than ?922 509,29,2023/09/28 11:38 AM (PDT),Auction
515079947,sanctum.com,128,85,?710 332,?635 461,29,2023/09/29 09:05 AM (PDT),Auction
512441873,pafibalikpapan.org,15,28,?415 129,,,2023/09/26 12:23 PM (PDT),Auction
515799757,limousines.com,24,96,?374 539,?864 797,28,2023/10/04 10:55 AM (PDT),Auction
512609686,bhopalmunicipal.com,571,45,?335 793,?28 856,,2023/09/27 02:17 PM (PDT),Auction
515557190,0747.com,7,31,?298 893,?436 827,21,2023/10/02 10:32 AM (PDT),Auction
515385027,trip.org,89,68,?286 974,?664 170,27,2023/10/02 10:35 AM (PDT),Auction
514082478,freespire.org,43,25,?284 133,?21 033,18,2023/09/27 12:24 PM (PDT),Auction
515419971,kkkk.net,0,172,?261 993,?145 240,26,2023/10/01 10:06 AM (PDT),Auction
515554340,eshopping.com,0,43,?258 708,More than ?922 509,20,2023/10/02 12:14 PM (PDT),Auction
515325196,babyboxco.com,682,38,?237 638,?71 439,10,2023/09/30 11:45 AM (PDT),Auction
512837548,rpsdegreecollege.org,67,93,?228 782,Less than ?3 690,,2023/09/28 10:30 AM (PDT),Auction
513415296,bworld.com,41,45,?195 129,?405 203,9,2023/09/25 01:35 PM (PDT),Auction
513410547,wecert.com,2,28,?188 376,?184 170,13,2023/09/25 09:41 AM (PDT),Auction
514285364,epikone.com,104,35,?184 502,?94 059,19,2023/09/26 12:00 PM (PDT),Auction
509878960,longtablebangkok.com,0,21,?168 081,?15 904,,2023/09/25 02:15 PM (PDT),Auction
515765691,42999.com,7,74,?149 446,?250 554,18,2023/10/04 09:45 AM (PDT),Auction
515557129,gnarbox.com,289,26,?138 376,?45 055,9,2023/10/02 11:53 AM (PDT),Auction
512575859,sportsmarketing.com,0,52,?132 841,?486 568,,2023/09/30 10:27 AM (PDT),Auction
513428421,adwcleaner.com,119,11,?129 336,?91 144,11,2023/09/25 09:48 AM (PDT),Auction
514185570,socialmediabuttons.com,17,28,?127 306,?25 498,14,2023/09/26 01:00 PM (PDT),Auction
514350269,onice.com,50,35,?119 926,?590 111,21,2023/09/27 01:53 PM (PDT),Auction
514971493,motherdirt.com,0,26,?118 081,?217 417,9,2023/09/28 01:38 PM (PDT),Auction
515137338,38v.com,2,39,?117 823,?139 594,12,2023/09/29 10:56 AM (PDT),Auction
514283955,xqbet.com,2,52,?114 391,?62 620,9,2023/09/26 09:40 AM (PDT),Auction
515563285,myfabulesslife.com,0,25,?112 583,?28 303,11,2023/10/02 01:50 PM (PDT),Auction
514068271,dms.org,115,44,?96 568,?488 339,27,2023/09/27 12:47 PM (PDT),Auction
512325685,czdfls.com,113,39,?94 096,,,2023/09/25 01:49 PM (PDT),Auction
513351424,91sang.com,0,52,?94 096,?38 192,4,2023/09/25 02:11 PM (PDT),Auction
513390592,mmbbss.com,15,25,?94 096,?27 897,8,2023/09/25 02:22 PM (PDT),Auction
515375588,ssatripura.com,0,29,?94 096,,,2023/09/28 09:06 AM (PDT),Auction
514925464,achenet.org,0,86,?79 151,?20 332,27,2023/09/29 12:59 PM (PDT),Auction
513438634,voilacuisine.com,191,73,?76 568,?46 015,15,2023/09/25 10:41 AM (PDT),Auction
515140696,pokernation.com,48,34,?74 723,?281 144,23,2023/09/29 09:08 AM (PDT),Auction
515219399,pafijakartatimur.org,0,27,?74 723,,,2023/09/26 02:07 PM (PDT),Auction
512816220,365cp.com,0,80,?74 207,?264 465,,2023/09/27 10:23 AM (PDT),Auction
513406832,qxeq.com,0,14,?73 985,?76 458,16,2023/09/25 09:57 AM (PDT),Auction
513435247,personalsite.com,37,43,?72 878,?366 716,26,2023/09/25 10:29 AM (PDT),Auction
512920464,27h.com,0,139,?70 000,?291 697,,2023/09/28 09:05 AM (PDT),Auction
514279568,streetburgerkauai.com,128,81,?67 343,?31 070,9,2023/09/26 02:26 PM (PDT),Auction
514052558,gamecenter.net,13,23,?67 048,?116 937,21,2023/09/26 01:12 PM (PDT),Auction
511232230,steamrooms.com,0,17,?61 993,?336 937,,2023/09/27 09:28 AM (PDT),Auction
515419894,highschoolfootball.com,37,54,?61 808,?260 221,25,2023/10/01 10:32 AM (PDT),Auction
513043908,thewildlifeexperience.org,180,37,?59 963,?13 727,23,2023/09/25 12:39 PM (PDT),Auction
515684665,vhf.org,76,32,?59 963,?253 801,28,2023/10/04 12:49 PM (PDT),Auction
514271693,novl.com,26,108,?57 196,?374 244,9,2023/09/26 10:06 AM (PDT),Auction
514272891,djty.com,7,49,?56 310,?291 402,13,2023/09/26 12:34 PM (PDT),Auction
509879736,bristolisopen.com,0,76,?56 273,?64 391,,2023/09/25 09:40 AM (PDT),Auction
513410258,aieditor.com,15,50,?56 273,?24 280,16,2023/09/25 10:56 AM (PDT),Auction
514082407,typemag.org,54,16,?56 273,?38 376,7,2023/09/27 11:32 AM (PDT),Auction
515355976,u35.com,0,31,?56 273,?239 373,,2023/10/04 12:33 PM (PDT),Auction
514361269,bb44.com,9,48,?55 351,?210 812,21,2023/09/27 09:44 AM (PDT),Auction
515246983,sciencewise.info,591,30,?54 428,Less than ?3 690,14,2023/10/01 10:17 AM (PDT),Auction
515557160,coffeemuseum.com,0,6,?54 428,?182 989,20,2023/10/02 10:34 AM (PDT),Auction
515345815,investortimes.com,0,68,?52 583,,,2023/09/27 02:03 PM (PDT),Auction
515890441,69p.com,22,24,?51 661,?367 048,21,2023/10/05 09:40 AM (PDT),Auction
515249375,078.tv,7,46,?49 446,?60 443,11,2023/10/01 09:42 AM (PDT),Auction
513448738,girdersandgears.com,63,19,?47 970,?48 266,20,2023/09/25 10:28 AM (PDT),Auction
514271154,prussia.com,37,50,?47 970,?610 775,9,2023/09/26 11:33 AM (PDT),Auction
514979590,otzi.com,15,24,?47 048,?393 911,3,2023/09/28 12:12 PM (PDT),Auction
515785110,shoplab.com,13,144,?45 203,?356 347,22,2023/10/04 09:34 AM (PDT),Auction
513372236,heyhello.com,7,56,?44 280,?214 945,19,2023/09/25 11:23 AM (PDT),Auction
515785768,weasy.com,0,63,?44 280,?357 675,20,2023/10/04 01:25 PM (PDT),Auction
513296860,8699.cc,15,64,?43 395,?8 081,10,2023/09/26 09:03 AM (PDT),Auction
510145600,tortugas.com,0,27,?43 358,?452 509,,2023/09/26 01:27 PM (PDT),Auction
515544022,takipci.com,789,23,?43 358,?373 801,20,2023/10/02 09:40 AM (PDT),Auction
511598053,0hg.com,0,54,?41 587,?197 934,,2023/09/27 01:29 PM (PDT),Auction
514982814,freewebtemplates.com,0,33,?39 668,,,2023/09/25 03:00 PM (PDT),Auction
515156683,81473.com,0,13,?38 745,,,2023/09/26 09:26 AM (PDT),Auction
515363099,socialtwist.com,0,40,?38 745,,,2023/09/27 11:00 AM (PDT),Auction
513270359,aerosky.com,0,23,?37 823,?234 244,,2023/09/29 11:08 AM (PDT),Auction
514283196,charliesfishhouse.com,1004,21,?37 823,?19 520,10,2023/09/26 09:43 AM (PDT),Auction
515384033,namaste.net,0,22,?37 823,?312 694,27,2023/10/01 09:36 AM (PDT),Auction
515476588,southpawer.com,0,63,?37 823,,,2023/09/28 02:05 PM (PDT),Auction
512457456,brooklyntrackclub.com,0,12,?37 232,?41 587,,2023/09/25 09:17 AM (PDT),Auction
515551823,cc222.com,2,25,?37 232,?128 930,19,2023/10/02 11:28 AM (PDT),Auction
513043648,cityofwinterset.org,524,42,?35 424,?3 801,8,2023/09/25 01:59 PM (PDT),Auction
515134466,belial.com,11,21,?34 354,?396 642,21,2023/09/29 11:18 AM (PDT),Auction
514931896,utopia.xyz,20,20,?33 875,?268 376,8,2023/09/28 12:22 PM (PDT),Auction
513048815,417.tv,59,45,?33 764,?88 081,7,2023/09/25 12:30 PM (PDT),Auction
515291858,digilead.com,0,20,?33 616,?287 269,20,2023/09/30 11:26 AM (PDT),Auction
513345407,clearleaf.com,0,28,?32 841,?238 745,,2023/09/28 09:42 AM (PDT),Auction
509991481,cambriamilwaukee.com,0,20,?32 731,?27 638,,2023/09/25 10:28 AM (PDT),Auction
511232239,officialtickets.com,0,38,?32 472,?206 642,,2023/09/27 10:02 AM (PDT),Auction
515519852,solidrop.net,0,62,?32 103,,,2023/09/28 01:03 PM (PDT),Auction
514351331,lovebio.com,0,35,?31 993,?242 177,10,2023/09/27 12:44 PM (PDT),Auction
515786714,brighthomes.com,87,22,?31 402,?355 166,22,2023/10/04 01:46 PM (PDT),Auction
514273315,42233.com,2,29,?31 033,?75 277,13,2023/09/26 12:56 PM (PDT),Auction
513435229,testfield.com,2,36,?29 889,?216 015,18,2023/09/25 10:38 AM (PDT),Auction
513391349,fabal.com,17,41,?29 779,?152 288,21,2023/09/25 01:57 PM (PDT),Auction
513604334,portlandubrew.com,148,21,?29 520,?43 395,5,2023/09/25 10:03 AM (PDT),Auction
515339507,industra.com,17,25,?29 151,?296 642,28,2023/09/30 12:42 PM (PDT),Auction
513444725,firstjet.com,0,33,?28 044,?166 679,,2023/09/30 09:49 AM (PDT),Auction
515554656,d67.com,9,24,?27 306,?345 055,19,2023/10/02 10:42 AM (PDT),Auction
515267819,minebit.com,11,24,?26 974,?291 587,16,2023/09/30 09:43 AM (PDT),Auction
514350181,cashcompany.com,0,45,?26 605,?247 454,20,2023/09/27 02:12 PM (PDT),Auction
514927110,5676.cc,2,26,?26 568,?7 528,10,2023/09/29 10:33 AM (PDT),Auction
515434212,bestbmicalculator.com,2196,107,?26 384,?44 170,9,2023/10/01 01:42 PM (PDT),Auction
512829155,hydrogeology.com,0,18,?26 236,?307 491,,2023/09/26 09:08 AM (PDT),Auction
512559381,ephysicianhealth.com,71,46,?26 199,?49 557,,2023/09/27 02:23 PM (PDT),Auction
513042489,clanhouse.org,174,11,?26 199,?23 542,23,2023/09/25 01:55 PM (PDT),Auction
514350097,biovida.com,46,19,?25 683,?276 162,19,2023/09/27 09:33 AM (PDT),Auction
513424613,bhangcbd.com,61,10,?25 387,?61 144,10,2023/09/25 12:55 PM (PDT),Auction
513417679,hg8033.com,0,21,?24 945,?26 827,10,2023/09/25 02:02 PM (PDT),Auction
515233165,yuksrus.com,0,62,?24 723,,,2023/09/26 02:12 PM (PDT),Auction
514273681,moddy.com,37,41,?24 539,?280 923,21,2023/09/26 10:19 AM (PDT),Auction
513435256,ishs.com,17,31,?24 428,?372 399,28,2023/09/25 01:22 PM (PDT),Auction
515555712,kbao.com,7,33,?24 170,?289 446,17,2023/10/02 09:58 AM (PDT),Auction
513410214,realbiz360.com,59,18,?23 985,?21 365,20,2023/09/25 12:16 PM (PDT),Auction
515031468,immunitysec.com,0,39,?23 985,,,2023/09/25 02:09 PM (PDT),Auction
514288143,yoursale.com,4,39,?23 653,?322 399,26,2023/09/26 02:26 PM (PDT),Auction
513417972,openomy.com,24,39,?23 247,?69 742,8,2023/09/25 10:06 AM (PDT),Auction
515137064,greenindex.com,4,35,?22 878,?384 170,18,2023/09/29 12:36 PM (PDT),Auction
515785024,unitedsolar.com,35,20,?22 878,?399 705,22,2023/10/04 02:27 PM (PDT),Auction
514998022,thebutterflyestates.com,0,50,?22 509,?42 030,19,2023/09/28 01:37 PM (PDT),Auction
513384767,aifile.com,7,41,?22 066,?66 827,16,2023/09/25 10:23 AM (PDT),Auction
514144538,monjardin.com,0,18,?21 956,?329 446,,2023/09/29 02:24 PM (PDT),Auction
513376825,resistance.io,2,17,?21 439,?309 151,7,2023/09/25 10:59 AM (PDT),Auction
513417858,officesnacks.com,2,26,?20 886,?159 926,18,2023/09/25 11:18 AM (PDT),Auction
515136829,forgreen.com,9,18,?20 701,?307 491,16,2023/09/29 10:08 AM (PDT),Auction
513278458,xtremecaraudio.net,100,17,?20 480,?4 317,5,2023/09/25 12:03 PM (PDT),Auction
515244166,uis.org,28,13,?20 480,?253 690,26,2023/10/01 10:40 AM (PDT),Auction
513434971,hztfdz.com,2,8,?20 295,,6,2023/09/25 02:12 PM (PDT),Auction
514011784,wanso.com,2,26,?20 295,?162 251,20,2023/09/26 10:20 AM (PDT),Auction
514982714,careerstory.com,2,21,?19 963,?362 915,8,2023/09/28 01:51 PM (PDT),Auction
514288142,alicecooperstown.com,187,60,?19 668,?39 963,26,2023/09/26 12:35 PM (PDT),Auction
510217485,mrbon.com,0,14,?19 557,?197 601,,2023/09/25 01:57 PM (PDT),Auction
512335795,b7bet.com,0,87,?19 557,?54 576,,2023/09/28 11:44 AM (PDT),Auction
513342397,mindvectorweb.com,193,21,?19 557,?13 358,8,2023/09/25 12:33 PM (PDT),Auction
513431280,becomingyou.com,11,19,?19 557,?298 598,21,2023/09/25 11:49 AM (PDT),Auction
513395123,leasefurniture.com,4,22,?19 373,?72 362,24,2023/09/25 12:21 PM (PDT),Auction
513359860,dripclub.com,15,23,?19 225,?137 491,18,2023/09/25 11:44 AM (PDT),Auction
512496246,doglana.com,0,18,?18 819,Less than ?3 690,,2023/09/25 09:14 AM (PDT),Auction
512592632,erikrivera.com,0,14,?18 819,?27 786,,2023/09/25 10:26 AM (PDT),Auction
513416009,fnzcm.com,4,24,?18 819,?43 911,3,2023/09/25 09:03 AM (PDT),Auction
514271090,petjets.com,0,19,?18 819,?117 565,12,2023/09/26 10:03 AM (PDT),Auction
514271797,34546.com,2,65,?18 819,?57 306,12,2023/09/26 09:17 AM (PDT),Auction
514315557,thecaferioltd.com,693,86,?18 819,?41 624,3,2023/09/27 11:23 AM (PDT),Auction
515001166,davecentral.com,17,16,?18 819,?49 299,27,2023/09/28 11:41 AM (PDT),Auction
515161967,dynwales.org,0,11,?18 819,,,2023/09/26 10:00 AM (PDT),Auction
512550777,bearfacepomz.com,0,23,?18 450,?19 815,,2023/09/25 09:23 AM (PDT),Auction
513416000,nepal24hours.com,56,26,?18 450,?11 624,13,2023/09/25 10:57 AM (PDT),Auction
515024395,freedomdaily.com,0,62,?18 450,,,2023/09/25 01:00 PM (PDT),Auction
513396357,1galgame.com,0,12,?17 897,?25 535,3,2023/09/25 09:24 AM (PDT),Auction
512440357,oeom.com,0,17,?17 159,?143 137,,2023/09/27 09:52 AM (PDT),Auction
512820965,accfarm.com,0,42,?17 159,?137 749,,2023/09/27 09:50 AM (PDT),Auction
515021709,drinkspagirlcocktails.com,0,20,?16 974,,,2023/09/25 12:00 PM (PDT),Auction
515136435,greeninfrastructure.com,2,10,?16 827,?260 517,7,2023/09/29 10:27 AM (PDT),Auction
512636503,cloudspring.com,0,31,?16 790,?325 978,,2023/10/01 01:14 PM (PDT),Auction
512636527,frpk.com,0,7,?16 790,?120 148,,2023/10/01 11:50 AM (PDT),Auction
513418515,338800.com,2,57,?16 790,?101 033,13,2023/09/25 09:11 AM (PDT),Auction
515244167,smell.org,2,20,?16 605,?309 779,26,2023/10/01 02:14 PM (PDT),Auction
513278391,southparkpediatrics.net,102,5,?16 568,?4 428,14,2023/09/25 11:36 AM (PDT),Auction
513426010,jungleminer.com,0,20,?16 052,?51 476,6,2023/09/25 09:00 AM (PDT),Auction
515296921,petlike.com,4,13,?15 351,?200 701,10,2023/09/30 09:18 AM (PDT),Auction
515471427,vinb.com,9,13,?15 351,?231 292,20,2023/10/01 02:22 PM (PDT),Auction
513420788,cabtreview.com,7,16,?15 314,?36 236,3,2023/09/25 09:02 AM (PDT),Auction
514375091,hdbr.com,0,17,?15 314,?406 236,,2023/10/02 12:17 PM (PDT),Auction
512478925,altzine.net,0,78,?14 945,?4 613,,2023/09/25 11:40 AM (PDT),Auction
513410739,parklives.com,0,39,?14 945,?58 856,10,2023/09/25 01:20 PM (PDT),Auction
515161975,gomonews.com,0,52,?14 945,,,2023/09/26 10:00 AM (PDT),Auction
512590667,texashamburgercompany.com,0,8,?14 576,?31 882,,2023/09/25 02:26 PM (PDT),Auction
513418768,frontierpublichouse.com,33,19,?14 096,?42 399,9,2023/09/25 09:17 AM (PDT),Auction
515712393,deskhub.com,56,71,?14 022,?333 985,13,2023/10/03 11:53 AM (PDT),Auction
515526828,tortillerialasabrocita.com,1045,73,?13 100,?12 435,10,2023/10/02 01:01 PM (PDT),Auction
515257803,greenbug.com,0,6,?12 989,?325 314,,2023/10/03 09:25 AM (PDT),Auction
514185686,labyrinthina.com,109,36,?12 915,?47 159,24,2023/09/26 10:29 AM (PDT),Auction
514288150,energyinmotion.com,11,23,?12 841,?241 255,25,2023/09/26 12:01 PM (PDT),Auction
515395332,amigo.io,54,25,?12 657,?410 000,9,2023/10/01 12:00 PM (PDT),Auction
515797064,ecocore.com,0,68,?12 657,?322 804,21,2023/10/04 10:50 AM (PDT),Auction
515781933,nationalpay.com,0,10,?12 472,?371 255,20,2023/10/04 01:46 PM (PDT),Auction
514274754,theportersgate.com,0,8,?12 362,?45 535,4,2023/09/26 01:29 PM (PDT),Auction
515153168,poweractive.com,2,16,?11 993,?256 937,26,2023/09/29 09:25 AM (PDT),Auction
515542667,americasfinest.com,11,16,?11 993,?322 804,24,2023/10/02 10:47 AM (PDT),Auction
515799764,betterlighting.com,11,22,?11 697,?182 583,25,2023/10/04 11:42 AM (PDT),Auction
512421150,eif.net,0,9,?11 661,?294 133,,2023/09/29 12:21 PM (PDT),Auction
514371762,appcrew.com,7,11,?11 624,?311 882,16,2023/09/27 01:37 PM (PDT),Auction
512553281,antiagency.com,18,18,?11 292,?128 708,,2023/09/25 09:17 AM (PDT),Auction
512592652,twocousinspizzamountjoy.com,0,30,?11 255,Less than ?3 690,,2023/09/25 02:14 PM (PDT),Auction
512606838,hg977.com,0,54,?11 255,?92 546,,2023/10/01 11:33 AM (PDT),Auction
513393146,smoothcellrx.com,0,18,?11 255,?34 686,4,2023/09/25 09:12 AM (PDT),Auction
513410261,aiextreme.com,0,17,?11 255,?52 915,16,2023/09/25 02:10 PM (PDT),Auction
515024832,wildwolfbeer.com,0,17,?11 255,,,2023/09/25 02:08 PM (PDT),Auction
515137724,adwater.com,17,15,?11 255,?217 085,24,2023/09/29 11:22 AM (PDT),Auction
515330239,00858.com,2,46,?11 255,?172 399,15,2023/09/30 12:08 PM (PDT),Auction
515030511,efox-shop.com,0,10,?11 070,,,2023/09/25 09:00 AM (PDT),Auction
512635751,mintmind.com,6,23,?10 886,?223 358,,2023/09/28 11:44 AM (PDT),Auction
513045336,chinesestamps.info,1180,12,?10 886,,14,2023/09/25 01:01 PM (PDT),Auction
513423988,adventurestats.com,126,19,?10 701,?96 790,22,2023/09/25 01:06 PM (PDT),Auction
512468895,stablecoffeekitchen.com,0,8,?10 517,?34 059,,2023/09/25 10:33 AM (PDT),Auction
515708120,97899.com,4,17,?10 185,?238 450,12,2023/10/03 10:09 AM (PDT),Auction
514318783,hattu.com,0,53,?9 815,?317 196,,2023/10/01 01:23 PM (PDT),Auction
513438593,flexstyle.com,87,18,?9 779,?93 616,22,2023/09/25 02:27 PM (PDT),Auction
514301637,intellexa.com,376,14,?9 779,?75 387,7,2023/09/26 12:00 PM (PDT),Auction
514996147,ademia.com,9,5,?9 779,?205 867,23,2023/09/28 10:25 AM (PDT),Auction
513390579,indiabv.com,0,4,?9 410,?38 893,2,2023/09/25 01:55 PM (PDT),Auction
513410323,umairdev.com,4,4,?9 410,?11 292,2,2023/09/25 02:04 PM (PDT),Auction
513421980,creditbeast.com,17,25,?9 410,?114 280,8,2023/09/25 11:56 AM (PDT),Auction
513426698,29770.com,4,20,?9 410,?128 893,13,2023/09/25 02:00 PM (PDT),Auction
513429380,daytonwheels.com,7,4,?9 410,?66 458,23,2023/09/25 01:57 PM (PDT),Auction
515469022,cbdkings.com,2,10,?9 410,?167 196,9,2023/10/01 09:33 AM (PDT),Auction
513430106,bikong.com,7,16,?9 151,?130 627,20,2023/09/25 10:57 AM (PDT),Auction
513383321,555789.com,11,30,?8 930,?144 797,14,2023/09/25 09:31 AM (PDT),Auction
510137910,kvknandurbar.net,0,4,?8 856,Less than ?3 690,,2023/09/26 09:29 AM (PDT),Auction
515557156,livfit.com,33,47,?8 856,?255 314,17,2023/10/02 09:40 AM (PDT),Auction
515001152,marcey.com,7,14,?8 745,?352 546,27,2023/09/28 12:46 PM (PDT),Auction
514922215,aircord.com,7,12,?8 672,?196 937,19,2023/09/28 09:50 AM (PDT),Auction
515449189,ultrastudios.com,0,11,?8 672,?237 343,21,2023/10/01 11:02 AM (PDT),Auction
515473608,thermomax.com,74,41,?8 672,?261 070,28,2023/10/01 10:01 AM (PDT),Auction
510010903,iwmi.com,0,13,?8 303,?237 970,,2023/09/25 12:25 PM (PDT),Auction
514371772,wdfa.com,11,16,?8 303,?194 539,25,2023/09/27 10:28 AM (PDT),Auction
515461318,edigital.com,0,17,?8 303,,,2023/09/28 07:00 PM (PDT),Auction
515262151,crabpot.com,30,29,?8 155,?296 273,26,2023/09/30 11:09 AM (PDT),Auction
514986164,lvzd.com,0,7,?8 118,?76 605,16,2023/09/28 12:38 PM (PDT),Auction
515457940,kvzt.com,0,7,?8 118,?93 985,9,2023/10/01 11:15 AM (PDT),Auction
515709047,xvne.com,4,11,?8 118,?114 871,8,2023/10/03 10:43 AM (PDT),Auction
515544452,zgek.com,0,5,?8 044,?85 277,16,2023/10/02 10:01 AM (PDT),Auction
514980737,realestateplanner.com,11,18,?7 970,?131 513,20,2023/09/28 02:00 PM (PDT),Auction
514983720,18835.com,0,21,?7 970,?136 753,17,2023/09/28 09:27 AM (PDT),Auction
515136587,nycos.com,2,7,?7 970,?205 867,10,2023/09/29 02:22 PM (PDT),Auction
515819788,kugr.com,2,7,?7 970,?109 852,20,2023/10/04 01:04 PM (PDT),Auction
513423341,prepperpodcast.com,41,22,?7 934,?53 321,14,2023/09/25 09:28 AM (PDT),Auction
514338740,lvvn.com,4,11,?7 934,?108 266,19,2023/09/27 02:14 PM (PDT),Auction
513414891,joypartners.com,0,18,?7 601,?216 679,24,2023/09/25 12:09 PM (PDT),Auction
514195191,mucru.org,39,36,?7 601,?16 273,12,2023/09/26 09:33 AM (PDT),Auction
512609528,dyns.net,0,10,?7 565,?64 760,,2023/09/26 10:21 AM (PDT),Auction
513042496,khelmahakumbh.org,185,26,?7 565,?7 011,13,2023/09/25 10:59 AM (PDT),Auction
513044055,queencalifia.org,72,27,?7 565,?15 092,20,2023/09/25 12:28 PM (PDT),Auction
513434967,themugfresno.com,456,11,?7 565,?42 399,2,2023/09/25 10:34 AM (PDT),Auction
515418418,stephensmith.com,7,9,?7 565,?265 018,14,2023/10/01 09:30 AM (PDT),Auction
515568841,80038.com,4,33,?7 565,?81 513,23,2023/10/02 12:01 PM (PDT),Auction
512413805,ckzy.com,0,16,?7 491,?224 428,,2023/09/25 11:43 AM (PDT),Auction
513418202,gunfish.com,9,14,?7 417,?119 041,17,2023/09/25 01:26 PM (PDT),Auction
513431561,indygojunction.com,886,24,?7 380,?27 491,23,2023/09/25 01:07 PM (PDT),Auction
513345408,digitalpublications.com,0,12,?7 232,?229 004,,2023/09/28 10:26 AM (PDT),Auction
514926100,blackpower.org,11,11,?7 232,?143 542,20,2023/09/29 11:29 AM (PDT),Auction
514940738,wirelessjobs.com,7,31,?7 196,?322 288,26,2023/09/28 10:22 AM (PDT),Auction
515781405,tezd.com,0,10,?7 159,?102 878,17,2023/10/04 02:24 PM (PDT),Auction
515628835,organicbouquet.com,369,18,?7 011,?60 923,23,2023/10/02 10:34 AM (PDT),Auction
515557170,faira.com,0,8,?6 863,?248 044,12,2023/10/02 01:57 PM (PDT),Auction
513408570,bqcx.com,0,19,?6 827,?232 325,16,2023/09/25 09:34 AM (PDT),Auction
514352260,deyz.com,2,12,?6 827,?126 863,11,2023/09/27 10:47 AM (PDT),Auction
515454687,edsystem.com,20,36,?6 827,?285 277,18,2023/10/01 02:25 PM (PDT),Auction
514982720,lywo.com,4,11,?6 753,?129 373,18,2023/09/28 11:51 AM (PDT),Auction
514986167,vylv.com,4,10,?6 716,?97 232,16,2023/09/28 12:10 PM (PDT),Auction
512335824,discountselfstorage.com,0,14,?6 642,?102 657,,2023/09/28 01:03 PM (PDT),Auction
515086887,greenimport.com,4,9,?6 642,?184 244,16,2023/09/29 11:09 AM (PDT),Auction
515149215,storageapp.com,0,9,?6 642,?191 956,15,2023/09/29 02:05 PM (PDT),Auction
515436140,vydc.com,0,8,?6 605,?104 391,17,2023/10/01 09:50 AM (PDT),Auction
515066690,tenmax.com,0,26,?6 568,,,2023/09/26 05:00 AM (PDT),Auction
512421142,jlof.com,0,13,?6 494,?149 262,,2023/09/29 12:00 PM (PDT),Auction
514335540,justexperts.com,17,14,?6 494,?125 092,20,2023/09/27 12:46 PM (PDT),Auction
512555843,mduy.com,0,9,?6 458,?96 679,,2023/09/30 09:59 AM (PDT),Auction
513279348,skylinerealestate.com,0,15,?6 458,?124 760,,2023/09/29 10:05 AM (PDT),Auction
514333224,mediamusicnews.com,0,34,?6 458,?22 657,2,2023/09/27 09:05 AM (PDT),Auction
514986161,ydlv.com,9,7,?6 458,?106 605,16,2023/09/28 01:06 PM (PDT),Auction
512624677,tnyv.com,0,7,?6 421,?95 018,,2023/10/01 01:39 PM (PDT),Auction
514340343,ouwh.com,2,9,?6 384,?90 369,16,2023/09/27 10:57 AM (PDT),Auction
513410566,chicluxuries.com,152,31,?6 162,?44 391,12,2023/09/25 10:11 AM (PDT),Auction
513290011,idahocfp.org,26,5,?6 089,?14 133,12,2023/09/26 12:30 PM (PDT),Auction
513359846,1013p.com,11,12,?6 089,Less than ?3 690,1,2023/09/25 09:22 AM (PDT),Auction
513420357,mapleviewflatsapts.com,196,12,?6 089,?32 694,5,2023/09/25 09:23 AM (PDT),Auction
514190628,bluebid.com,43,16,?6 089,?213 875,19,2023/09/26 01:40 PM (PDT),Auction
514282147,flcompany.com,33,4,?6 089,?249 188,15,2023/09/26 01:34 PM (PDT),Auction
514298768,yaqui.com,0,15,?6 089,?347 675,,2023/10/01 09:33 AM (PDT),Auction
514331937,bulkfoodsuperstore.com,61,27,?6 089,?23 911,7,2023/09/27 11:53 AM (PDT),Auction
514371764,9thfloor.com,4,10,?6 089,?161 070,25,2023/09/27 10:56 AM (PDT),Auction
514927431,4979.cc,2,24,?6 089,Less than ?3 690,10,2023/09/29 11:09 AM (PDT),Auction
515137356,walgo.com,26,16,?6 089,?148 450,19,2023/09/29 10:50 AM (PDT),Auction
515248082,vkkw.com,0,9,?6 089,,,2023/09/27 02:00 PM (PDT),Auction
515417148,jacques-cabaret.com,993,5,?6 089,?7 712,14,2023/10/01 12:22 PM (PDT),Auction
514985607,poshmn.com,106,31,?5 904,?50 554,14,2023/09/28 01:30 PM (PDT),Auction
511148281,5e2.com,0,14,?5 756,?88 856,,2023/09/27 12:02 PM (PDT),Auction
515045727,dgttest.org,4291,30,?5 720,?7 380,9,2023/09/30 01:02 PM (PDT),Auction
515161997,metacreations.com,0,29,?5 720,,,2023/09/26 10:01 AM (PDT),Auction
515290550,kissanimes.com,2,27,?5 720,?319 631,8,2023/09/30 01:47 PM (PDT),Auction
515354906,mabas.com,0,29,?5 720,,,2023/09/27 12:07 PM (PDT),Auction
515473889,cbdheals.com,0,23,?5 720,?230 000,10,2023/10/01 02:25 PM (PDT),Auction
515768121,zgug.com,2,17,?5 720,?72 989,17,2023/10/04 11:31 AM (PDT),Auction
515777432,ihgp.com,0,7,?5 720,?172 509,19,2023/10/04 09:59 AM (PDT),Auction
515784609,okhg.com,4,7,?5 720,?108 745,18,2023/10/04 09:20 AM (PDT),Auction
515819787,vfue.com,0,11,?5 720,?100 369,16,2023/10/04 11:47 AM (PDT),Auction
513431960,cancerbox.com,22,9,?5 646,?129 262,22,2023/09/25 12:17 PM (PDT),Auction
512557811,v1o.com,0,9,?5 387,?227 749,,2023/09/30 02:07 PM (PDT),Auction
515247121,whyk.com,0,3,?5 387,,,2023/09/27 02:00 PM (PDT),Auction
513430519,n900.com,4,8,?5 351,?168 635,22,2023/09/25 09:52 AM (PDT),Auction
514336136,jwjv.com,2,10,?5 166,?85 277,16,2023/09/27 01:59 PM (PDT),Auction
514986160,qksf.com,26,10,?5 166,?121 734,16,2023/09/28 11:51 AM (PDT),Auction
514986166,qbrp.com,7,10,?5 166,?96 827,16,2023/09/28 12:36 PM (PDT),Auction
515161302,nvyv.com,0,9,?5 166,,,2023/09/26 10:00 AM (PDT),Auction
515779590,smartfield.com,74,29,?5 166,?294 502,21,2023/10/04 10:50 AM (PDT),Auction
515799755,wrcn.com,20,20,?5 018,?172 804,28,2023/10/04 01:34 PM (PDT),Auction
510221867,tjfu.com,0,7,?4 982,?99 705,,2023/09/27 11:10 AM (PDT),Auction
513329746,findmydomain.com,0,15,?4 982,?153 875,,2023/09/29 12:07 PM (PDT),Auction
513423970,sellmyhomeinmetrowestma.com,0,12,?4 982,?11 624,16,2023/09/25 10:02 AM (PDT),Auction
514346663,uqku.com,0,9,?4 982,?66 421,16,2023/09/27 09:56 AM (PDT),Auction
514986165,yvnj.com,2,9,?4 982,?107 343,16,2023/09/28 02:17 PM (PDT),Auction
515245530,oqv.net,0,21,?4 982,,,2023/09/27 02:00 PM (PDT),Auction
515708519,huvip.com,0,27,?4 982,?303 469,9,2023/10/03 01:59 PM (PDT),Auction
514281695,00787.com,0,13,?4 797,?134 723,19,2023/09/26 01:30 PM (PDT),Auction
514982412,quickplace.com,41,7,?4 797,?233 838,12,2023/09/28 01:07 PM (PDT),Auction
515161299,tljw.com,0,9,?4 797,,,2023/09/26 10:00 AM (PDT),Auction
512336563,printbell.com,35,10,?4 686,?91 218,,2023/09/25 01:59 PM (PDT),Auction
515707279,coinbond.com,0,25,?4 686,?314 834,10,2023/10/03 12:19 PM (PDT),Auction
514274381,nftpod.com,2,12,?4 649,?194 502,3,2023/09/26 10:53 AM (PDT),Auction
510058749,pipestream.com,0,16,?4 613,?175 461,,2023/09/26 12:28 PM (PDT),Auction
513441878,denatured.com,13,13,?4 613,?284 613,,2023/09/29 11:08 AM (PDT),Auction
514351324,88dz.com,0,8,?4 613,?208 376,12,2023/09/27 12:04 PM (PDT),Auction
515146438,utdq.com,0,9,?4 613,?91 033,16,2023/09/29 01:17 PM (PDT),Auction
515373648,lessigforpresident.com,0,3,?4 613,,,2023/09/27 01:03 PM (PDT),Auction
515376682,77908.com,2,16,?4 613,?77 417,15,2023/10/01 01:31 PM (PDT),Auction
515473602,divacafe.com,0,22,?4 613,?96 273,23,2023/10/01 12:05 PM (PDT),Auction
512580954,ham1.com,0,12,?4 539,?142 177,,2023/09/26 11:20 AM (PDT),Auction
514258621,ziddo.com,13,18,?4 428,?59 631,17,2023/09/26 01:40 PM (PDT),Auction
514322493,3991.cc,2,23,?4 428,Less than ?3 690,10,2023/09/28 11:52 AM (PDT),Auction
515767433,bohq.com,0,6,?4 428,?90 517,21,2023/10/04 10:58 AM (PDT),Auction
513383305,chessclass.com,30,10,?4 280,?111 476,19,2023/09/25 01:20 PM (PDT),Auction
513435218,ipaylater.com,0,4,?4 280,?95 978,14,2023/09/25 12:02 PM (PDT),Auction
514329378,swent.com,0,17,?4 280,?260 406,,2023/09/30 11:57 AM (PDT),Auction
513107710,searchinquire.com,1762,15,?4 244,?55 646,,2023/09/30 10:35 AM (PDT),Auction
515153167,powerphoto.com,2,9,?4 244,?171 919,26,2023/09/29 12:27 PM (PDT),Auction
512605555,tenshi-no-3p.com,0,8,?4 059,,,2023/09/29 10:53 AM (PDT),Auction
513320763,vegeusa.com,0,7,?4 059,?46 494,,2023/09/29 01:12 PM (PDT),Auction
514222228,urlst.com,4,13,?4 059,?182 435,17,2023/09/26 11:49 AM (PDT),Auction
514287865,ckmail.com,22,7,?4 059,?239 779,21,2023/09/26 10:25 AM (PDT),Auction
514941255,darkpage.com,17,9,?4 059,?186 421,20,2023/09/28 01:48 PM (PDT),Auction
515562071,wingsarmy.com,3882,15,?3 911,?72 362,15,2023/10/02 01:02 PM (PDT),Auction
512302081,titanclydebank.com,0,8,?3 875,?44 133,,2023/09/28 01:41 PM (PDT),Auction
512399619,sandiegonaacp.org,0,21,?3 875,Less than ?3 690,,2023/09/29 10:38 AM (PDT),Auction
512427762,wikirecipe.net,30,20,?3 875,Less than ?3 690,,2023/09/25 12:07 PM (PDT),Auction
513397045,godsmessagetoday.com,274,13,?3 875,?17 528,12,2023/09/25 09:40 AM (PDT),Auction
513431577,jacksonhospital.com,11,9,?3 875,?84 686,23,2023/09/25 12:47 PM (PDT),Auction
514024318,technologyrest.com,26,13,?3 875,?58 450,3,2023/09/26 11:35 AM (PDT),Auction
514030891,audiencedevelopment.com,24,16,?3 875,?155 018,21,2023/09/26 10:35 AM (PDT),Auction
514271294,pinkproperties.com,0,6,?3 875,?140 886,19,2023/09/26 11:57 AM (PDT),Auction
514272496,lawyerondemand.com,0,16,?3 875,?124 022,10,2023/09/26 02:04 PM (PDT),Auction
514320140,thecrag.net,626,10,?3 875,?15 387,12,2023/09/27 10:37 AM (PDT),Auction
514337701,biharcetintbed.com,17,3,?3 875,?8 708,4,2023/09/27 12:00 PM (PDT),Auction
514346905,watchalyzer.com,4,9,?3 875,?46 568,12,2023/09/27 01:31 PM (PDT),Auction
514375487,nevadacapital.com,0,7,?3 875,?139 262,,2023/10/02 01:30 PM (PDT),Auction
514925643,sabvgacc.org,4697,20,?3 875,Less than ?3 690,3,2023/09/29 09:27 AM (PDT),Auction
514941166,goknock.com,89,11,?3 875,?267 269,13,2023/09/28 01:58 PM (PDT),Auction
514999985,hoctiengviet.com,2,5,?3 875,?81 956,21,2023/09/28 10:25 AM (PDT),Auction
515151203,cadzilla.com,0,6,?3 875,?145 129,16,2023/09/29 02:22 PM (PDT),Auction
515162007,nosi.net,0,3,?3 875,,,2023/09/26 10:01 AM (PDT),Auction
515455422,edgun.com,0,4,?3 875,?258 339,16,2023/10/01 12:01 PM (PDT),Auction
515555093,nocents.com,2,15,?3 875,?203 801,12,2023/10/02 01:16 PM (PDT),Auction
512588278,delgato.com,0,17,?3 838,?131 402,,2023/09/26 09:10 AM (PDT),Auction
514372375,gondolachalets.com,150,6,?3 838,?47 380,17,2023/09/27 01:38 PM (PDT),Auction
515096409,postakoduara.com,0,3,?3 764,?23 210,14,2023/09/29 09:59 AM (PDT),Auction
513426398,promptforge.com,4,9,?3 727,Less than ?3 690,1,2023/09/25 11:37 AM (PDT),Auction
513424278,californiaearthminerals.com,130,13,?3 690,?37 196,15,2023/09/25 09:35 AM (PDT),Auction
514348287,bidnip.com,126,15,?3 690,?152 915,20,2023/09/27 02:23 PM (PDT),Auction
514349127,componenttechnologiesinc.com,61,7,?3 690,?34 908,23,2023/09/27 11:28 AM (PDT),Auction
515708208,66926.com,0,19,?3 616,?130 037,12,2023/10/03 10:37 AM (PDT),Auction
513371501,seekyt.com,0,7,?3 506,?47 085,13,2023/09/25 09:57 AM (PDT),Auction
514353210,nyfashioncenterfabrics.com,343,16,?3 506,?6 974,17,2023/09/27 12:26 PM (PDT),Auction
514374585,jgn.org,0,5,?3 506,?234 022,,2023/10/02 09:21 AM (PDT),Auction
512483355,cinema.cc,72,8,?3 432,?87 970,,2023/09/26 11:53 AM (PDT),Auction
514334896,skelta.com,0,8,?3 432,?88 229,21,2023/09/27 12:40 PM (PDT),Auction
514349973,cashngold.com,7,7,?3 432,?153 801,12,2023/09/27 09:17 AM (PDT),Auction
515720155,fitamerica.com,7,7,?3 432,?268 598,25,2023/10/03 01:01 PM (PDT),Auction
513342460,winsgoal.com,4,11,?3 395,?214 723,4,2023/09/25 12:36 PM (PDT),Auction
512575863,netdesigner.com,0,13,?3 321,?285 314,,2023/09/30 10:40 AM (PDT),Auction
514185656,tokyopinkguide.com,484,15,?3 321,?13 801,19,2023/09/26 02:01 PM (PDT),Auction
514348781,woodworkerz.com,1351,11,?3 321,?46 974,10,2023/09/27 01:51 PM (PDT),Auction
514372413,rentcollector.com,0,7,?3 321,?75 166,24,2023/09/27 02:03 PM (PDT),Auction
514986737,theoffroadcompany.com,569,17,?3 321,?42 731,9,2023/09/28 09:01 AM (PDT),Auction
515118369,thesirtfooddiet.com,448,17,?3 321,?53 948,8,2023/09/29 12:32 PM (PDT),Auction
515849548,98728.com,0,17,?3 210,?86 273,13,2023/10/05 12:15 PM (PDT),Auction
512828952,exploreproducts.com,0,14,?3 137,?124 317,,2023/09/26 01:50 PM (PDT),Auction
513274400,vertelenovelas.net,519,5,?3 137,?4 502,13,2023/09/25 02:12 PM (PDT),Auction
513368852,sleepyhollowcampgrounds.com,209,3,?3 137,?15 756,11,2023/09/25 01:11 PM (PDT),Auction
513381140,birseninmutfagi.com,176,16,?3 137,?16 716,14,2023/09/25 11:13 AM (PDT),Auction
513393179,skunktowndistillery.com,150,3,?3 137,?35 941,8,2023/09/25 12:26 PM (PDT),Auction
513394981,rejuvenationcenterhazard.com,500,3,?3 137,?16 679,4,2023/09/25 11:07 AM (PDT),Auction
513411148,unitedbarberbeautysupply.com,148,3,?3 137,?16 863,17,2023/09/25 10:38 AM (PDT),Auction
513422118,cafeattila.com,172,5,?3 137,?45 609,13,2023/09/25 01:41 PM (PDT),Auction
513435164,valuewear.com,0,14,?3 137,?75 055,19,2023/09/25 09:19 AM (PDT),Auction
514258100,veyance.com,441,16,?3 137,?99 188,17,2023/09/26 01:16 PM (PDT),Auction
514268301,hagifuneralhome.com,584,7,?3 137,?23 100,16,2023/09/26 11:27 AM (PDT),Auction
514275463,mercefamilyhealthcare.com,102,5,?3 137,?56 863,6,2023/09/26 10:52 AM (PDT),Auction
514289361,my695.com,102,5,?3 137,?44 908,2,2023/09/26 10:18 AM (PDT),Auction
514289363,my622.com,117,3,?3 137,?53 579,2,2023/09/26 12:08 PM (PDT),Auction
514289367,my073.com,293,3,?3 137,?43 100,2,2023/09/26 12:05 PM (PDT),Auction
514354193,sleepandtmj.com,180,8,?3 137,?58 376,16,2023/09/27 11:33 AM (PDT),Auction
514364242,futureshop-ca.com,113,3,?3 137,?8 266,7,2023/09/27 11:09 AM (PDT),Auction
514370305,donsfoodcenter.com,200,9,?3 137,?24 649,15,2023/09/27 10:44 AM (PDT),Auction
514371931,braziliangrillcateringmiami.com,102,7,?3 137,?5 830,10,2023/09/27 12:59 PM (PDT),Auction
514962337,mylifeinsuranceforelderly.com,124,10,?3 137,?14 391,9,2023/09/28 10:07 AM (PDT),Auction
514984687,bobahouseholland.com,100,3,?3 137,?21 107,4,2023/09/28 09:22 AM (PDT),Auction
514989426,mokusushi.com,146,3,?3 137,?47 343,7,2023/09/28 12:13 PM (PDT),Auction
515045706,calculadoraimc.org,6429,16,?3 137,?22 620,9,2023/09/30 09:38 AM (PDT),Auction
515122042,littlehaiticulturalcenter.com,122,3,?3 137,?11 513,10,2023/09/29 11:22 AM (PDT),Auction
515144269,resumiendolo.com,376,5,?3 137,?10 923,6,2023/09/29 01:18 PM (PDT),Auction
515149438,noladoughnuts.com,324,6,?3 137,?40 627,9,2023/09/29 01:07 PM (PDT),Auction
515242187,blogutils.net,524,16,?3 137,Less than ?3 690,17,2023/09/30 09:52 AM (PDT),Auction
515309548,bayonnemusic.com,122,3,?3 137,?23 321,8,2023/09/30 11:36 AM (PDT),Auction
515467793,rayraysbbq.com,126,3,?3 137,?39 668,13,2023/10/01 09:31 AM (PDT),Auction
515468517,couchtraveler.com,411,7,?3 137,?45 387,9,2023/10/01 01:46 PM (PDT),Auction
515470753,51996.com,0,15,?3 137,?135 240,21,2023/10/01 02:14 PM (PDT),Auction
515529741,newberrychamber.net,200,5,?3 137,?4 797,21,2023/10/02 09:20 AM (PDT),Auction
515548603,losportalesgrill.com,739,5,?3 137,?54 096,13,2023/10/02 09:01 AM (PDT),Auction
515244809,freebodyfatcalculator.org,1690,11,?3 026,Less than ?3 690,9,2023/10/01 11:00 AM (PDT),Auction
509920626,productscanada.com,0,5,?2 952,?109 889,,2023/09/25 01:02 PM (PDT),Auction
513342456,guidepower.com,0,14,?2 952,?111 845,21,2023/09/25 12:20 PM (PDT),Auction
513373540,trackreddit.com,17,13,?2 952,?47 897,9,2023/09/25 09:07 AM (PDT),Auction
513388301,portalstone.com,17,6,?2 952,?134 576,21,2023/09/25 12:04 PM (PDT),Auction
513412630,groomingboarding.com,20,7,?2 952,?108 192,10,2023/09/25 11:31 AM (PDT),Auction
513416762,twisttech.com,4,3,?2 952,?105 941,18,2023/09/25 10:56 AM (PDT),Auction
513422597,thechristianchurch.com,0,3,?2 952,?94 576,14,2023/09/25 12:42 PM (PDT),Auction
514256858,aeaerospace.com,278,9,?2 952,?47 897,11,2023/09/26 02:28 PM (PDT),Auction
514289366,my017.com,102,3,?2 952,?52 140,2,2023/09/26 12:45 PM (PDT),Auction
514369611,fujiseafoodtogo.com,3450,15,?2 952,?31 845,2,2023/09/27 10:06 AM (PDT),Auction
514982719,bestfolio.com,56,11,?2 952,?132 435,7,2023/09/28 01:54 PM (PDT),Auction
515076001,modularhydro.com,146,5,?2 952,?54 391,13,2023/09/29 12:09 PM (PDT),Auction
513430189,marlaynacosmetics.com,204,7,?2 878,?14 834,3,2023/09/25 12:40 PM (PDT),Auction
513424285,bamboosjamaicanrestaurant.com,198,3,?2 841,?21 070,7,2023/09/25 01:54 PM (PDT),Auction
509879808,the-weddinggallery.com,0,4,?2 768,?14 649,,2023/09/25 01:25 PM (PDT),Auction
512513653,mersaliexpress.com,30,9,?2 768,?35 646,,2023/09/26 01:34 PM (PDT),Auction
512635588,hugemail.com,19,9,?2 768,?141 181,,2023/09/28 10:59 AM (PDT),Auction
512895891,inspireghettokids.org,1107,3,?2 768,Less than ?3 690,,2023/09/29 10:26 AM (PDT),Auction
513042545,aboutastra.org,11,4,?2 768,Less than ?3 690,22,2023/09/25 09:19 AM (PDT),Auction
513238484,dana2018.com,24,9,?2 768,?29 262,6,2023/09/25 11:44 AM (PDT),Auction
513350089,growgardentomatoes.com,0,11,?2 768,?19 077,,2023/09/28 01:19 PM (PDT),Auction
514082429,bunsandroses.org,139,3,?2 768,?11 771,17,2023/09/27 01:53 PM (PDT),Auction
514287289,markethousemuseum.com,83,3,?2 768,?40 221,22,2023/09/26 01:09 PM (PDT),Auction
514372518,clubcheck.com,0,8,?2 768,?215 055,24,2023/09/27 02:22 PM (PDT),Auction
515161951,blackholegames.com,0,6,?2 768,,,2023/09/26 10:00 AM (PDT),Auction
515263615,revoco.com,7,14,?2 768,?197 048,24,2023/09/30 01:24 PM (PDT),Auction
512553456,allstreets.com,14,5,?2 620,?110 590,,2023/09/25 10:56 AM (PDT),Auction
513112393,questology.com,12,7,?2 583,?175 277,,2023/09/28 10:18 AM (PDT),Auction
513418702,goodriddancemerch.com,165,3,?2 583,?21 956,6,2023/09/25 11:55 AM (PDT),Auction
513422369,fatcatpizzabrookings.com,122,3,?2 583,?9 742,5,2023/09/25 01:47 PM (PDT),Auction
513427949,elinoydesign.com,246,5,?2 583,?17 159,5,2023/09/25 01:39 PM (PDT),Auction
514338999,dubcodubai.com,96,3,?2 583,?47 417,13,2023/09/27 10:16 AM (PDT),Auction
514983861,tagable.com,7,14,?2 583,?178 044,13,2023/09/28 09:45 AM (PDT),Auction
515001108,lavawire.com,2,6,?2 583,?158 967,21,2023/09/28 11:52 AM (PDT),Auction
515001147,arizonarealtors.com,11,6,?2 583,?171 328,26,2023/09/28 11:34 AM (PDT),Auction
515433478,freebmrcalculator.com,2073,13,?2 583,?23 358,9,2023/10/01 11:13 AM (PDT),Auction
514349421,pernova.com,4,9,?2 546,?157 860,23,2023/09/27 01:30 PM (PDT),Auction
513108108,newportinsurance.com,0,9,?2 435,?147 934,,2023/09/28 09:09 AM (PDT),Auction
510482496,landmarkchurch.com,0,5,?2 399,?153 395,,2023/09/27 12:29 PM (PDT),Auction
512330480,cryptotocrypto.com,0,8,?2 399,?204 465,,2023/09/28 09:32 AM (PDT),Auction
513477011,youngfinger.com,19608,4,?2 399,Less than ?3 690,,2023/10/01 10:34 AM (PDT),Auction
514266746,hiddencost.com,2,13,?2 399,?196 494,20,2023/09/26 11:58 AM (PDT),Auction
514289362,my082.com,70,5,?2 399,?34 354,2,2023/09/26 09:57 AM (PDT),Auction
514346111,jarvisfamilymedicalservices.com,59,3,?2 399,?10 886,7,2023/09/27 01:11 PM (PDT),Auction
515135044,01312.com,0,12,?2 399,?87 085,14,2023/09/29 10:05 AM (PDT),Auction
515246028,bentcounty.org,109,10,?2 399,?22 509,22,2023/10/01 11:54 AM (PDT),Auction
515375730,84896.com,2,3,?2 399,?92 989,11,2023/10/01 10:37 AM (PDT),Auction
515567557,58083.com,0,5,?2 399,?79 705,12,2023/10/02 09:43 AM (PDT),Auction
515707567,silverpass.com,4,7,?2 399,?117 749,20,2023/10/03 01:41 PM (PDT),Auction
515768831,69448.com,0,5,?2 399,?92 804,10,2023/10/04 11:13 AM (PDT),Auction
515528456,mealthy.com,343,11,?2 362,?169 151,10,2023/10/02 12:04 PM (PDT),Auction
513274440,tedrichards.net,46,3,?2 251,?6 568,22,2023/09/25 09:26 AM (PDT),Auction
513400078,oneandonlytownhouses.com,178,3,?2 251,?35 904,4,2023/09/25 01:18 PM (PDT),Auction
512580913,newsbright.com,0,10,?2 214,?99 004,,2023/09/26 09:57 AM (PDT),Auction
513346536,userup.com,4,11,?2 214,?119 151,17,2023/09/25 09:37 AM (PDT),Auction
513427565,powderblends.com,0,5,?2 214,?141 070,7,2023/09/25 09:56 AM (PDT),Auction
513428005,jagandental.com,50,5,?2 214,?47 638,5,2023/09/25 10:31 AM (PDT),Auction
513434180,41481.com,2,11,?2 214,?89 373,11,2023/09/25 01:07 PM (PDT),Auction
514286230,peerit.com,7,6,?2 214,?111 919,17,2023/09/26 10:34 AM (PDT),Auction
514289356,my013.com,61,3,?2 214,?45 351,2,2023/09/26 01:06 PM (PDT),Auction
514289357,my071.com,76,5,?2 214,?43 911,2,2023/09/26 10:25 AM (PDT),Auction
514289358,my076.com,48,5,?2 214,?44 649,2,2023/09/26 09:49 AM (PDT),Auction
514336010,elartistaonline.com,63,3,?2 214,?24 391,13,2023/09/27 02:01 PM (PDT),Auction
514336141,malware-fixes.com,1065,11,?2 214,Less than ?3 690,5,2023/09/27 11:26 AM (PDT),Auction
515022599,stpaulcvb.org,0,5,?2 214,,,2023/09/25 10:00 AM (PDT),Auction
515461124,benchwarmerscoffee.com,91,11,?2 214,?45 535,12,2023/10/01 12:03 PM (PDT),Auction
515554652,digilease.com,4,7,?2 214,?161 218,20,2023/10/02 09:49 AM (PDT),Auction
511064365,javbest.com,0,6,?2 177,?129 926,,2023/09/25 12:18 PM (PDT),Auction
513372284,theroseonbond.com,65,7,?2 103,?17 306,5,2023/09/25 01:41 PM (PDT),Auction
513421344,clearskyspafairfield.com,109,3,?2 103,?14 576,10,2023/09/25 11:56 AM (PDT),Auction
514011785,wanshui.com,0,16,?2 066,?80 627,20,2023/09/26 10:04 AM (PDT),Auction
509920630,productcanada.com,0,3,?2 030,?82 251,,2023/09/25 09:07 AM (PDT),Auction
510038723,hoglife.com,0,8,?2 030,?135 240,,2023/09/26 09:59 AM (PDT),Auction
512333876,pattayainterhospital.com,0,7,?2 030,?21 771,,2023/09/26 09:59 AM (PDT),Auction
512583555,lulawiles.com,0,10,?2 030,?22 325,,2023/09/26 11:21 AM (PDT),Auction
512867148,federalbuilding.com,0,7,?2 030,?116 236,,2023/09/26 01:02 PM (PDT),Auction
513054996,studiobaby.com,0,5,?2 030,?111 587,,2023/09/27 01:56 PM (PDT),Auction
513284351,skelet-info.org,0,10,?2 030,Less than ?3 690,9,2023/09/26 11:46 AM (PDT),Auction
513426623,smmxboost.com,0,11,?2 030,?54 096,3,2023/09/25 01:47 PM (PDT),Auction
514079756,spcact.org,0,8,?2 030,?16 716,22,2023/09/27 02:24 PM (PDT),Auction
514230398,ultrafoodmess.com,513,9,?2 030,?11 624,5,2023/09/26 10:03 AM (PDT),Auction
514274623,deltonfaithchurch.com,41,5,?2 030,?17 048,21,2023/09/26 11:36 AM (PDT),Auction
514275669,hamgo.com,0,8,?2 030,?127 048,22,2023/09/26 09:06 AM (PDT),Auction
514350976,northphoenixfamily.com,582,9,?2 030,?40 185,10,2023/09/27 11:44 AM (PDT),Auction
514984608,cafemarrese.com,56,3,?2 030,?28 930,9,2023/09/28 10:43 AM (PDT),Auction
514994779,gotagame.com,46,9,?2 030,?84 871,18,2023/09/28 10:47 AM (PDT),Auction
515261947,reliantmed.com,33,7,?2 030,?113 948,22,2023/09/30 11:40 AM (PDT),Auction
515280294,superprofs.com,408,8,?2 030,?94 133,10,2023/09/30 10:41 AM (PDT),Auction
515454650,altstudios.com,50,7,?2 030,?111 328,13,2023/10/01 12:41 PM (PDT),Auction
515468085,luckytats.com,973,9,?2 030,?48 930,20,2023/10/01 10:08 AM (PDT),Auction
515519735,tryvalidated.com,0,9,?2 030,,,2023/09/28 02:10 PM (PDT),Auction
515542809,thekitchenwitchcatering.com,41,7,?2 030,?25 240,22,2023/10/02 01:13 PM (PDT),Auction
513282266,whizbiz.com,0,7,?1 993,?106 236,,2023/09/29 10:43 AM (PDT),Auction
513416195,glascow.com,7,6,?1 993,?92 177,18,2023/09/25 11:34 AM (PDT),Auction
513435615,drsunacupuncture.com,46,3,?1 956,?43 137,12,2023/09/25 01:39 PM (PDT),Auction
514271151,cesmeeskort.com,39,10,?1 956,,1,2023/09/26 10:46 AM (PDT),Auction
513387032,bdayna.com,11,9,?1 919,?49 299,3,2023/09/25 11:29 AM (PDT),Auction
515474039,nerdnationmagazine.com,0,9,?1 919,?43 506,9,2023/10/01 09:44 AM (PDT),Auction
514270324,hippiebutter.com,0,9,?1 882,?45 609,16,2023/09/26 10:23 AM (PDT),Auction
512920036,letsup.com,0,9,?1 845,?158 893,,2023/09/28 10:39 AM (PDT),Auction
513410975,shophrc.com,363,3,?1 845,?47 860,5,2023/09/25 02:07 PM (PDT),Auction
513418151,carlilaw.com,39,8,?1 845,?58 635,6,2023/09/25 11:33 AM (PDT),Auction
514188555,churchlist.com,2,8,?1 845,?154 244,20,2023/09/26 11:44 AM (PDT),Auction
514333104,ohsports.com,15,9,?1 845,?228 745,17,2023/09/27 02:03 PM (PDT),Auction
514337049,monarchconsultant.com,215,9,?1 845,?50 959,2,2023/09/27 11:38 AM (PDT),Auction
514350143,qujapan.com,230,9,?1 845,?46 568,5,2023/09/27 01:49 PM (PDT),Auction
514969713,monoclass.com,343,9,?1 845,?63 653,7,2023/09/28 12:34 PM (PDT),Auction
514998365,solarcitizens.com,2,5,?1 845,?134 613,17,2023/09/28 09:31 AM (PDT),Auction
515262186,thehelpcenter.com,2,9,?1 845,?94 244,26,2023/09/30 09:09 AM (PDT),Auction
515264622,vrdog.com,43,8,?1 845,?76 568,18,2023/09/30 10:05 AM (PDT),Auction
515481576,mia-electric.com,0,8,?1 845,,,2023/09/28 02:06 PM (PDT),Auction
513410973,ihydroponics.com,0,4,?1 808,?127 860,24,2023/09/25 11:52 AM (PDT),Auction
513418477,trendvibe.com,4,7,?1 808,?67 122,9,2023/09/25 01:08 PM (PDT),Auction
513422113,kauaiauto.com,0,3,?1 808,?120 000,10,2023/09/25 02:26 PM (PDT),Auction
515455039,10151.com,2,7,?1 771,?96 679,12,2023/10/01 01:55 PM (PDT),Auction
514274740,dchcareer.com,59,8,?1 734,?41 993,6,2023/09/26 09:41 AM (PDT),Auction
509879795,kitanohomare.com,0,3,?1 661,?25 092,,2023/09/25 10:43 AM (PDT),Auction
509967671,nationalpainfoundation.org,0,8,?1 661,?8 524,,2023/09/25 12:40 PM (PDT),Auction
512347881,loudinteractive.com,86,4,?1 661,?114 317,,2023/09/25 09:44 AM (PDT),Auction
512584677,decored.com,0,5,?1 661,?111 402,,2023/09/26 11:49 AM (PDT),Auction
513416539,affordablecapital.com,0,8,?1 661,?127 232,9,2023/09/25 10:56 AM (PDT),Auction
513419233,visitfoxburg.com,43,8,?1 661,?46 089,17,2023/09/25 02:03 PM (PDT),Auction
513419255,hotelsanjosemagdalena.com,115,6,?1 661,?7 417,19,2023/09/25 11:32 AM (PDT),Auction
513429383,blucidfloral.com,37,3,?1 661,?16 863,9,2023/09/25 09:50 AM (PDT),Auction
513439429,drooped.com,10,8,?1 661,?90 000,,2023/09/29 10:55 AM (PDT),Auction
513442075,cobbling.com,11,9,?1 661,?107 712,,2023/09/29 10:20 AM (PDT),Auction
514288810,thaibbqculvercity.com,37,5,?1 661,?3 948,7,2023/09/26 10:39 AM (PDT),Auction
514350962,buysellhotels.com,0,7,?1 661,?195 646,6,2023/09/27 10:35 AM (PDT),Auction
514373836,healogicsjobs.com,54,3,?1 661,?15 941,5,2023/09/27 11:15 AM (PDT),Auction
515162038,whosea.org,0,7,?1 661,,,2023/09/26 10:02 AM (PDT),Auction
515390336,decidingtomorrowtoday.org,70,5,?1 661,?12 657,8,2023/10/02 12:27 PM (PDT),Auction
515419251,moderncenter.com,11,7,?1 661,?113 801,20,2023/10/01 10:58 AM (PDT),Auction
515773135,discountministorage.com,26,4,?1 661,?156 827,21,2023/10/04 10:43 AM (PDT),Auction
512599979,bluetechspace.com,418,8,?1 550,?51 107,,2023/09/27 10:58 AM (PDT),Auction
514093277,6468.cc,0,7,?1 550,Less than ?3 690,10,2023/09/27 10:11 AM (PDT),Auction
515285191,nexoutlets.com,869,7,?1 550,?51 661,10,2023/09/30 09:39 AM (PDT),Auction
515344517,ihtml.com,0,7,?1 550,?149 336,,2023/10/01 12:12 PM (PDT),Auction
513354879,electrowattco.com,43,3,?1 513,?48 672,16,2023/09/25 10:33 AM (PDT),Auction
512334301,yourcryptocurrency.com,0,6,?1 476,?110 812,,2023/09/28 09:25 AM (PDT),Auction
512831082,amitausa.com,0,7,?1 476,?30 517,,2023/09/26 01:15 PM (PDT),Auction
513045628,shameonme.com,0,6,?1 476,?108 155,,2023/09/28 10:37 AM (PDT),Auction
513049988,vinyl.me,2,6,?1 476,?170 554,4,2023/09/25 02:13 PM (PDT),Auction
513406037,grillpointbk.com,43,5,?1 476,?29 188,6,2023/09/25 12:49 PM (PDT),Auction
513426044,indiospirits.com,46,3,?1 476,?45 166,19,2023/09/25 09:31 AM (PDT),Auction
514328741,discovertimis.com,15,7,?1 476,?35 240,5,2023/09/27 11:36 AM (PDT),Auction
514366365,kileensgardenboutique.com,43,3,?1 476,?21 033,7,2023/09/27 11:38 AM (PDT),Auction
515043916,imageresizer.net,1201,7,?1 476,?38 598,17,2023/09/29 10:43 AM (PDT),Auction
515151709,vninvesting.com,37,3,?1 476,?85 387,5,2023/09/29 12:03 PM (PDT),Auction
515244165,peopletv.org,200,5,?1 476,?51 808,26,2023/10/01 01:32 PM (PDT),Auction
515296934,luxurytravelguide.com,2,8,?1 476,?148 524,12,2023/09/30 10:33 AM (PDT),Auction
515455660,batchdriven.com,654,7,?1 476,?62 952,3,2023/10/01 11:37 AM (PDT),Auction
515720143,techword.com,33,7,?1 476,?224 428,28,2023/10/03 01:07 PM (PDT),Auction
513376652,dentalna.com,0,3,?1 402,?141 993,8,2023/09/25 12:11 PM (PDT),Auction
513405461,nailsspaforeveramesbury.com,161,3,?1 402,?7 860,3,2023/09/25 11:21 AM (PDT),Auction
513418429,benjaminallen.com,9,3,?1 402,?108 303,15,2023/09/25 02:14 PM (PDT),Auction
513420272,ewildfire.com,0,3,?1 402,?90 185,6,2023/09/25 01:27 PM (PDT),Auction
513423749,givetas.com,0,3,?1 402,?139 815,5,2023/09/25 01:31 PM (PDT),Auction
513425324,testopro.com,0,3,?1 402,?96 900,14,2023/09/25 01:20 PM (PDT),Auction
513426547,quitmanrealtytx.com,0,4,?1 402,?30 627,16,2023/09/25 12:20 PM (PDT),Auction
513431049,newsfoxes.com,67,7,?1 402,?45 646,8,2023/09/25 01:49 PM (PDT),Auction
513239874,cheezcakeboutique.com,261,3,?1 365,?11 587,2,2023/09/25 10:09 AM (PDT),Auction
513368939,litelube.com,4,5,?1 365,?87 417,8,2023/09/25 09:28 AM (PDT),Auction
513381889,shanisabysanjana.com,106,6,?1 365,,1,2023/09/25 02:00 PM (PDT),Auction
513407316,doolinbedandbreakfast.com,76,3,?1 365,?38 598,13,2023/09/25 01:19 PM (PDT),Auction
513423580,apnec.com,9,5,?1 365,?89 852,20,2023/09/25 12:42 PM (PDT),Auction
514269110,moduart.com,124,6,?1 365,?100 148,24,2023/09/26 10:01 AM (PDT),Auction
514930647,craig.me,0,7,?1 365,?52 325,15,2023/09/29 01:56 PM (PDT),Auction
512348197,theesplanade.com,0,6,?1 292,?107 638,,2023/09/28 09:11 AM (PDT),Auction
512428630,fuccellos.com,0,3,?1 292,?47 380,,2023/09/25 12:35 PM (PDT),Auction
512587365,legalscience.com,0,6,?1 292,?202 177,,2023/09/26 02:02 PM (PDT),Auction
512587622,islamicperspectives.com,0,6,?1 292,?45 461,,2023/09/26 02:04 PM (PDT),Auction
512593731,tamesha.com,0,5,?1 292,?136 458,,2023/09/25 01:39 PM (PDT),Auction
512818916,nobleflight.com,0,5,?1 292,?77 970,,2023/09/27 12:37 PM (PDT),Auction
513381880,handburgpedralbes.com,328,3,?1 292,,1,2023/09/25 02:28 PM (PDT),Auction
514154731,financerewind.com,37,6,?1 292,?33 948,4,2023/09/26 11:23 AM (PDT),Auction
514202198,techreaders.com,0,7,?1 292,?80 554,14,2023/09/26 12:38 PM (PDT),Auction
514270713,domainboard.com,0,6,?1 292,?167 269,20,2023/09/26 11:21 AM (PDT),Auction
514321469,beaambassadors.org,137,3,?1 292,?5 092,11,2023/09/28 11:07 AM (PDT),Auction
514322004,thesafetyinstitute.org,61,3,?1 292,?15 941,12,2023/09/28 01:54 PM (PDT),Auction
514353724,readyjack.com,26,3,?1 292,?59 557,7,2023/09/27 11:43 AM (PDT),Auction
514361736,gilaguide.com,24,7,?1 292,?48 376,21,2023/09/27 10:37 AM (PDT),Auction
514961346,lhnet.org,50,5,?1 292,?28 672,6,2023/09/28 01:00 PM (PDT),Auction
515265135,goatpicks.com,117,4,?1 292,?78 081,8,2023/09/30 02:28 PM (PDT),Auction
515281049,vaulthouston.com,35,4,?1 292,?52 546,12,2023/09/30 12:00 PM (PDT),Auction
515419893,laloba.com,17,6,?1 292,?286 753,25,2023/10/01 10:34 AM (PDT),Auction
515779418,ob88.com,11,7,?1 292,?233 358,17,2023/10/04 11:50 AM (PDT),Auction
515278537,medicruit.com,9,3,?1 218,?69 299,18,2023/09/30 01:25 PM (PDT),Auction
512336443,1950.cc,5,5,?1 181,?11 734,,2023/09/25 01:38 PM (PDT),Auction
512542335,scriptdoctors.com,0,5,?1 181,?90 369,,2023/09/25 09:15 AM (PDT),Auction
512867669,7days-ua.com,1350,5,?1 181,?4 982,,2023/09/28 09:19 AM (PDT),Auction
513110400,pinnacleequity.com,0,5,?1 181,?145 720,,2023/09/29 10:00 AM (PDT),Auction
513297802,zepel.com,0,5,?1 181,?68 819,,2023/09/29 02:09 PM (PDT),Auction
514328600,royalwebtemplates.com,7,5,?1 181,?6 199,17,2023/09/27 10:12 AM (PDT),Auction
514370370,justmerch.com,15,7,?1 181,?75 720,7,2023/09/27 10:56 AM (PDT),Auction
515077365,168pay.com,4,7,?1 181,?216 642,8,2023/09/29 10:09 AM (PDT),Auction
515555775,lovedirty.com,46,6,?1 181,?215 498,13,2023/10/02 10:26 AM (PDT),Auction
511082321,sharkscovegrill.com,0,3,?1 107,?24 982,,2023/09/27 01:29 PM (PDT),Auction
512457423,mexico-chiquito.com,0,4,?1 107,?4 723,,2023/09/25 01:00 PM (PDT),Auction
512513042,starlifehack.com,40,4,?1 107,?44 613,,2023/09/27 09:46 AM (PDT),Auction
512555706,jl-bbs.com,0,4,?1 107,?13 542,,2023/09/28 09:37 AM (PDT),Auction
512582452,refugeesintowns.org,0,6,?1 107,Less than ?3 690,,2023/09/26 10:42 AM (PDT),Auction
512925933,gamecubegames.com,12,3,?1 107,?77 122,,2023/09/27 01:04 PM (PDT),Auction
512943550,outreachskateboarding.com,0,4,?1 107,?16 863,,2023/09/28 10:58 AM (PDT),Auction
513346611,samarasecurity.com,91,5,?1 107,?43 395,15,2023/09/25 09:12 AM (PDT),Auction
513443967,forvisitors.com,0,5,?1 107,?149 926,,2023/09/30 10:04 AM (PDT),Auction
514070895,losses.org,2,3,?1 107,?104 244,20,2023/09/27 01:10 PM (PDT),Auction
514267014,serotoninpowerdiet.com,96,5,?1 107,?19 520,17,2023/09/26 09:01 AM (PDT),Auction
514269458,thekidskitchen.com,13,4,?1 107,?62 177,16,2023/09/26 12:42 PM (PDT),Auction
514273734,isabelafans.com,650,5,?1 107,?11 365,2,2023/09/26 12:19 PM (PDT),Auction
514286399,orntlmassage.com,295,3,?1 107,?30 996,10,2023/09/26 09:51 AM (PDT),Auction
514331848,codabiotherapeutics.com,213,3,?1 107,?46 199,6,2023/09/27 09:32 AM (PDT),Auction
514336047,petlandorlandosouth.com,365,3,?1 107,?20 221,15,2023/09/27 10:28 AM (PDT),Auction
514336827,odori-ko.com,41,3,?1 107,?8 893,8,2023/09/27 10:39 AM (PDT),Auction
514341074,ordergrill-36.com,128,3,?1 107,?6 568,4,2023/09/27 12:44 PM (PDT),Auction
514369786,philforhumanity.com,4,5,?1 107,?43 432,17,2023/09/27 10:47 AM (PDT),Auction
514923706,clubusa.net,126,5,?1 107,?47 159,25,2023/09/28 11:37 AM (PDT),Auction
514926524,desertsfinest.org,76,3,?1 107,?9 446,6,2023/09/29 10:18 AM (PDT),Auction
514927060,wakecrc.org,46,3,?1 107,Less than ?3 690,11,2023/09/29 12:32 PM (PDT),Auction
514940378,hoffssteaksandsteins.com,222,3,?1 107,?12 362,3,2023/09/28 10:04 AM (PDT),Auction
514985478,12oaksnc.com,213,5,?1 107,?21 697,16,2023/09/28 10:03 AM (PDT),Auction
514989512,hfxrollerdome.com,139,3,?1 107,Less than ?3 690,1,2023/09/28 09:39 AM (PDT),Auction
514989860,kotocarmel.com,172,3,?1 107,?52 103,6,2023/09/28 10:51 AM (PDT),Auction
514990516,refindings.com,458,5,?1 107,?52 694,13,2023/09/28 10:23 AM (PDT),Auction
515000350,splashreport.com,0,5,?1 107,?63 137,7,2023/09/28 11:23 AM (PDT),Auction
515001156,prrlaw.com,24,5,?1 107,?53 727,25,2023/09/28 02:15 PM (PDT),Auction
515020680,elinq.com,0,3,?1 107,,,2023/09/25 02:07 PM (PDT),Auction
515022720,webodysseum.com,0,3,?1 107,,,2023/09/25 11:02 AM (PDT),Auction
515042117,saasbuilder.com,7,3,?1 107,?101 476,10,2023/09/29 11:51 AM (PDT),Auction
515128135,memphischeer.com,89,3,?1 107,?48 524,6,2023/09/29 11:40 AM (PDT),Auction
515130475,rockspringsrecord.com,39,5,?1 107,?15 351,23,2023/09/29 10:53 AM (PDT),Auction
515136559,stockstation.com,0,5,?1 107,?150 443,10,2023/09/29 01:48 PM (PDT),Auction
515136882,udupicafebellevue.com,74,5,?1 107,?14 170,9,2023/09/29 09:18 AM (PDT),Auction
515140506,allsportsgh.com,671,5,?1 107,?58 856,3,2023/09/29 10:31 AM (PDT),Auction
515218681,lacocinacasper.com,380,3,?1 107,?26 605,16,2023/09/29 10:52 AM (PDT),Auction
515262481,36vibes.com,1638,5,?1 107,?44 280,2,2023/09/30 10:05 AM (PDT),Auction
515322877,eiranb.com,8278,5,?1 107,Less than ?3 690,1,2023/09/30 02:27 PM (PDT),Auction
515324395,usertexting.com,545,5,?1 107,?49 188,8,2023/09/30 09:41 AM (PDT),Auction
515332789,biochemlab.com,11,4,?1 107,?152 140,20,2023/09/30 11:28 AM (PDT),Auction
515387203,internationalbulletin.org,445,5,?1 107,?9 815,16,2023/10/02 09:02 AM (PDT),Auction
515450966,mygreenstarenergy.com,122,5,?1 107,?80 037,10,2023/10/01 01:11 PM (PDT),Auction
509920631,canadianproduct.com,0,3,?996,?108 007,,2023/09/25 11:30 AM (PDT),Auction
512275248,8967.cc,0,4,?996,Less than ?3 690,,2023/09/27 10:29 AM (PDT),Auction
512470500,cannigione.com,0,3,?996,?76 162,,2023/09/25 10:34 AM (PDT),Auction
512588178,rocketrundown.com,0,4,?996,?38 856,,2023/09/26 01:53 PM (PDT),Auction
513435251,tekquest.com,4,3,?996,?95 018,26,2023/09/25 10:38 AM (PDT),Auction
514174802,mmx677.com,4,4,?996,?24 465,2,2023/09/26 10:16 AM (PDT),Auction
514982294,999968.com,7,5,?996,?96 568,11,2023/09/28 02:13 PM (PDT),Auction
515001154,dreamset.com,17,4,?996,?59 004,25,2023/09/28 02:20 PM (PDT),Auction
515263891,ag83.com,0,5,?996,?64 502,9,2023/09/30 01:19 PM (PDT),Auction
515376733,aizona.com,11,5,?996,?121 070,10,2023/10/01 12:35 PM (PDT),Auction
515554634,tbonus.com,0,4,?996,?230 701,14,2023/10/02 12:52 PM (PDT),Auction
512555699,simplycbdshop.com,0,5,?923,?45 351,,2023/09/26 02:25 PM (PDT),Auction
512583094,opakedu.org,0,4,?923,?4 022,,2023/09/26 01:08 PM (PDT),Auction
512627481,872365.com,0,3,?923,?68 303,,2023/09/27 12:14 PM (PDT),Auction
513259641,worldbestfive.com,9,4,?923,Less than ?3 690,1,2023/09/25 09:48 AM (PDT),Auction
513370728,planeteverything.com,4,5,?923,?92 657,19,2023/09/25 09:13 AM (PDT),Auction
513398985,diploz.com,9,4,?923,?49 336,8,2023/09/25 11:09 AM (PDT),Auction
513421267,yamatocuisine.com,41,4,?923,?44 797,3,2023/09/25 01:58 PM (PDT),Auction
513428406,betterhealthliving.com,4,3,?923,?100 332,20,2023/09/25 09:56 AM (PDT),Auction
514010892,estateresort.com,13,3,?923,?81 956,17,2023/09/26 10:58 AM (PDT),Auction
514184561,sabushpilot.com,1470,4,?923,?21 513,,2023/09/30 12:12 PM (PDT),Auction
514321732,smdepo.org,28,4,?923,?30 480,13,2023/09/28 01:10 PM (PDT),Auction
514360628,gabrielbyrneonbroadway.com,7,4,?923,,1,2023/09/27 12:44 PM (PDT),Auction
514926267,mhimss.org,35,3,?923,?18 192,12,2023/09/29 01:12 PM (PDT),Auction
514940376,hospitalconsultant.com,0,4,?923,?131 513,20,2023/09/28 02:04 PM (PDT),Auction
514982331,dubaisky.com,0,4,?923,?64 170,19,2023/09/28 09:20 AM (PDT),Auction
514984976,thaba.com,0,4,?923,?126 642,15,2023/09/28 11:22 AM (PDT),Auction
515161979,gtugs.org,0,2,?923,,,2023/09/26 10:01 AM (PDT),Auction
515235987,gotchamediablog.com,0,2,?923,,,2023/09/26 09:00 PM (PDT),Auction
515244161,thundercatslair.org,0,5,?923,Less than ?3 690,18,2023/10/01 12:52 PM (PDT),Auction
515389059,snowsportsafety.org,22,3,?923,?8 229,9,2023/10/02 01:35 PM (PDT),Auction
515719190,palmcityhomes.com,0,4,?923,?85 387,21,2023/10/03 11:45 AM (PDT),Auction
512593438,finddns.com,0,3,?849,?112 435,,2023/09/25 12:41 PM (PDT),Auction
503236430,mecazza.com,0,4,?812,?108 819,1,2023/09/25 11:42 AM (PDT),Auction
503915253,fishmans.com,0,3,?812,?154 059,,2023/10/01 10:46 AM (PDT),Auction
510217642,kowabana.com,0,4,?812,?87 269,,2023/09/25 10:10 AM (PDT),Auction
512335101,48719.com,0,3,?812,?82 768,,2023/09/28 01:32 PM (PDT),Auction
512461315,aprilstar.com,0,4,?812,?79 483,,2023/09/25 01:13 PM (PDT),Auction
512635254,yellowbutterfly.com,0,3,?812,?166 531,,2023/10/01 09:48 AM (PDT),Auction
512831430,thepyrrhic.com,0,3,?812,?55 424,,2023/09/26 02:22 PM (PDT),Auction
513050277,medzlis-rijeka.org,0,3,?812,,,2023/09/28 11:59 AM (PDT),Auction
513107729,searchunique.com,626,3,?812,?60 627,,2023/09/30 12:49 PM (PDT),Auction
513111037,bluegreen.org,0,3,?812,?194 133,,2023/09/29 02:01 PM (PDT),Auction
513288986,netdaycompass.org,9,3,?812,Less than ?3 690,23,2023/09/26 09:05 AM (PDT),Auction
513305112,5717.tv,0,3,?812,?7 565,1,2023/09/26 09:26 AM (PDT),Auction
513359911,beijingexpress-tx.com,20,3,?812,?4 391,6,2023/09/25 12:21 PM (PDT),Auction
513405436,javaprime.com,22,4,?812,?61 033,11,2023/09/25 01:12 PM (PDT),Auction
513405887,makeitdriveable.com,17,3,?812,?23 985,8,2023/09/25 12:45 PM (PDT),Auction
513416205,riceny.com,28,3,?812,?54 059,10,2023/09/25 11:07 AM (PDT),Auction
513417663,whywebelieve.com,7,4,?812,?97 970,20,2023/09/25 01:21 PM (PDT),Auction
513429014,deesire.com,2,3,?812,?64 022,17,2023/09/25 01:35 PM (PDT),Auction
513434288,coustom.com,13,4,?812,?84 760,19,2023/09/25 10:42 AM (PDT),Auction
513434876,jointcontact.com,7,4,?812,?61 808,18,2023/09/25 09:37 AM (PDT),Auction
513439757,potentate.com,12,3,?812,?214 317,,2023/09/29 10:44 AM (PDT),Auction
513534439,braindoc.us,22,4,?812,Less than ?3 690,1,2023/09/25 02:03 PM (PDT),Auction
514090862,1754.cc,0,3,?812,Less than ?3 690,10,2023/09/27 12:22 PM (PDT),Auction
514273361,966669.com,7,4,?812,?92 140,13,2023/09/26 01:29 PM (PDT),Auction
514273738,pinry.com,4,3,?812,?79 041,9,2023/09/26 12:40 PM (PDT),Auction
514274245,visiblogs.com,9,3,?812,?22 989,11,2023/09/26 02:14 PM (PDT),Auction
514289417,likegossip.com,35,3,?812,?58 266,1,2023/09/26 12:09 PM (PDT),Auction
514315883,eveksiapharma.com,20,4,?812,?26 642,6,2023/09/27 11:58 AM (PDT),Auction
514336061,healingsole.com,22,4,?812,?68 745,15,2023/09/27 11:34 AM (PDT),Auction
514336816,stanking.com,15,3,?812,?160 406,11,2023/09/27 01:03 PM (PDT),Auction
514344509,joonasaspen.com,15,3,?812,?26 974,4,2023/09/27 09:32 AM (PDT),Auction
514350402,teammetro.com,0,3,?812,?159 779,20,2023/09/27 10:18 AM (PDT),Auction
514941778,republicofindia.com,13,3,?812,?138 856,24,2023/09/28 12:51 PM (PDT),Auction
514983806,h166.com,4,3,?812,?142 989,9,2023/09/28 11:17 AM (PDT),Auction
515048727,bitcodingacademy.org,20,4,?812,Less than ?3 690,2,2023/09/30 09:40 AM (PDT),Auction
515263845,yoga-ireland.com,17,4,?812,?10 000,23,2023/09/30 11:47 AM (PDT),Auction
515330791,jazminej.com,580,3,?812,?46 125,2,2023/09/30 09:52 AM (PDT),Auction
515341036,wisdomstudio.com,0,3,?812,?132 768,,2023/10/02 02:04 PM (PDT),Auction
515470250,babygenie.com,0,3,?812,?185 646,21,2023/10/01 09:44 AM (PDT),Auction
515694547,propassist.com,46,4,?812,?72 657,12,2023/10/03 10:56 AM (PDT),Auction
509967891,waterstoragetank.com,0,3,?738,?78 229,,2023/09/25 11:12 AM (PDT),Auction
510198897,poloc.com,0,3,?738,?107 380,,2023/09/26 12:35 PM (PDT),Auction
512376336,menacasino.com,454,3,?738,?74 760,,2023/09/25 12:37 PM (PDT),Auction
512438941,flatdesignpro.com,30,3,?738,?29 557,,2023/09/26 10:50 AM (PDT),Auction
512483369,sagalnews.com,773,3,?738,?53 838,,2023/09/26 11:18 AM (PDT),Auction
512541461,himalayamasala.com,0,3,?738,?40 996,,2023/09/25 09:55 AM (PDT),Auction
512592401,brushwithfame.com,0,3,?738,?80 959,,2023/09/25 09:29 AM (PDT),Auction
512718483,firetrucksales.com,9,3,?738,?86 900,,2023/09/28 12:48 PM (PDT),Auction
512920911,bestretirementdestinations.com,0,3,?738,?24 280,,2023/09/28 12:48 PM (PDT),Auction
513043290,nypdguardians.org,113,3,?738,?11 292,3,2023/09/25 09:30 AM (PDT),Auction
513043319,bitcoining.org,0,3,?738,?91 956,9,2023/09/25 12:51 PM (PDT),Auction
513240275,myownbusinesses.com,33,3,?738,?47 048,1,2023/09/25 10:12 AM (PDT),Auction
513241181,freebirdsphotography.com,115,3,?738,?15 535,2,2023/09/25 09:22 AM (PDT),Auction
513378448,halalat.com,24,3,?738,?155 314,10,2023/09/25 01:08 PM (PDT),Auction
513390552,belocalexchange.com,33,3,?738,?48 487,8,2023/09/25 01:39 PM (PDT),Auction
513395105,ww12.com,0,4,?738,?70 037,10,2023/09/25 10:41 AM (PDT),Auction
513411858,bordadosypatchworkamelia.com,115,3,?738,?5 018,17,2023/09/25 11:25 AM (PDT),Auction
513423265,snftv.com,139,3,?738,?56 236,6,2023/09/25 10:51 AM (PDT),Auction
513431110,krizstore.com,83,3,?738,?44 908,4,2023/09/25 01:51 PM (PDT),Auction
514031011,capitalathena.com,117,3,?738,?77 085,11,2023/09/26 10:38 AM (PDT),Auction
514161158,jusomoa.com,309,3,?738,?73 838,5,2023/09/26 01:02 PM (PDT),Auction
514180990,articleadds.com,106,3,?738,?24 576,2,2023/09/26 09:52 AM (PDT),Auction
514217475,crhideas.com,374,3,?738,?45 498,10,2023/09/26 09:17 AM (PDT),Auction
514219439,techboystoys.com,135,3,?738,?22 030,6,2023/09/26 12:43 PM (PDT),Auction
514249239,saunarentals.com,2,3,?738,?109 446,5,2023/09/26 01:46 PM (PDT),Auction
514267054,mytextutils.com,474,3,?738,?23 985,2,2023/09/26 11:18 AM (PDT),Auction
514268356,qre8.com,417,3,?738,?45 461,14,2023/09/26 11:31 AM (PDT),Auction
514269309,androidcellco.com,1616,3,?738,?22 989,6,2023/09/26 10:06 AM (PDT),Auction
514273067,dominicanashop.com,159,3,?738,Less than ?3 690,1,2023/09/26 02:12 PM (PDT),Auction
514281661,treeserviceherrera.com,1918,3,?738,Less than ?3 690,1,2023/09/26 10:35 AM (PDT),Auction
514281693,tchstitansasb.com,1230,3,?738,?11 882,10,2023/09/26 01:25 PM (PDT),Auction
514283182,wwwkiplinger.com,2,3,?738,?42 325,24,2023/09/26 10:03 AM (PDT),Auction
514288131,grandstaircaseinn.com,169,3,?738,?39 631,25,2023/09/26 09:22 AM (PDT),Auction
514288138,duckybobs.com,111,3,?738,?48 413,25,2023/09/26 01:11 PM (PDT),Auction
514291927,smartbreastreduction.com,95,3,?738,?17 269,,2023/09/30 01:06 PM (PDT),Auction
514315570,mygox.com,20,3,?738,?97 934,13,2023/09/27 12:21 PM (PDT),Auction
514328704,onlineexampapers.com,152,3,?738,?59 188,12,2023/09/27 12:35 PM (PDT),Auction
514336109,onlinecountword.com,0,3,?738,?13 838,3,2023/09/27 10:11 AM (PDT),Auction
514344257,soviet-postcards.com,130,3,?738,?5 683,9,2023/09/27 10:29 AM (PDT),Auction
514345455,pizzerialobos.com,196,3,?738,?47 417,6,2023/09/27 11:26 AM (PDT),Auction
514349155,oxfordssschoolvp.com,471,3,?738,?8 819,10,2023/09/27 09:13 AM (PDT),Auction
514351093,wheregeorge.com,841,3,?738,?51 956,23,2023/09/27 09:29 AM (PDT),Auction
514366228,sntfishing.com,100,3,?738,?47 675,16,2023/09/27 02:19 PM (PDT),Auction
514920540,bereanpublishers.com,163,3,?738,?47 343,23,2023/09/28 10:43 AM (PDT),Auction
514926331,ruhomes.org,54,3,?738,?11 439,17,2023/09/29 12:50 PM (PDT),Auction
514934440,k76ww.com,163,3,?738,,1,2023/09/28 09:27 AM (PDT),Auction
514935576,naruko1.com,10439,3,?738,Less than ?3 690,1,2023/09/28 11:44 AM (PDT),Auction
514958806,aoc888.com,91,3,?738,?51 255,1,2023/09/28 10:57 AM (PDT),Auction
514965224,crusinthecoast.com,93,3,?738,?23 137,23,2023/09/28 10:28 AM (PDT),Auction
514966319,magicaura.com,339,3,?738,?53 284,20,2023/09/28 12:46 PM (PDT),Auction
515001126,babys1photos.com,148,3,?738,?20 849,18,2023/09/28 10:14 AM (PDT),Auction
515001146,azrealtors.com,7,3,?738,?93 395,26,2023/09/28 12:09 PM (PDT),Auction
515079962,tacticalsupplies.com,0,3,?738,?150 295,21,2023/09/29 11:30 AM (PDT),Auction
515133045,skyrimgems.com,641,3,?738,?43 801,11,2023/09/29 09:42 AM (PDT),Auction
515151849,xoxokikimarie.com,665,3,?738,?11 919,5,2023/09/29 01:49 PM (PDT),Auction
515153043,lilbabyanthony.com,3298,3,?738,?17 860,2,2023/09/29 09:41 AM (PDT),Auction
515270518,joaav.com,380,3,?738,?4 170,1,2023/09/30 11:36 AM (PDT),Auction
515274758,tiantianri.com,98,3,?738,?57 712,1,2023/09/30 01:11 PM (PDT),Auction
515275309,stitchclothes.com,89,3,?738,?60 480,6,2023/09/30 12:17 PM (PDT),Auction
515279821,tabulatua.com,154,3,?738,?47 269,24,2023/09/30 11:32 AM (PDT),Auction
515325197,thebabyboxco.com,128,3,?738,?49 077,10,2023/09/30 11:29 AM (PDT),Auction
515409932,asiantoursandtravels.com,117,3,?738,?11 882,17,2023/10/01 09:55 AM (PDT),Auction
515431336,luckyunicorn.com,0,3,?738,?145 461,13,2023/10/01 11:57 AM (PDT),Auction
515447409,utmsads.com,313,3,?738,Less than ?3 690,1,2023/10/01 12:39 PM (PDT),Auction
515451714,mementovivereco.com,187,3,?738,?41 882,2,2023/10/01 02:14 PM (PDT),Auction
515462813,chickentuna.com,146,3,?738,?49 114,16,2023/10/01 09:14 AM (PDT),Auction
515463795,balkanbratdom.com,274,3,?738,?27 454,19,2023/10/01 11:59 AM (PDT),Auction
515471614,electricbeast.com,11,3,?738,?175 055,19,2023/10/01 01:59 PM (PDT),Auction
515527412,trirail.com,339,3,?738,?141 033,23,2023/10/02 12:40 PM (PDT),Auction
515540833,heatmaptheme.com,0,3,?738,?52 583,15,2023/10/02 11:36 AM (PDT),Auction
515544393,inspirationtowardsbusiness.com,1306,3,?738,?21 550,3,2023/10/02 01:47 PM (PDT),Auction
515560193,salesbulletin.com,9,3,?738,?56 531,24,2023/10/02 09:21 AM (PDT),Auction
515707271,chiprepair.com,2,3,?738,?159 004,20,2023/10/03 01:41 PM (PDT),Auction
515716263,halesbrewery.com,126,3,?738,?50 664,20,2023/10/03 02:05 PM (PDT),Auction
515785081,farmmade.com,20,3,?738,?143 653,19,2023/10/04 12:06 PM (PDT),Auction
515785373,realestatelady.com,4,3,?738,?206 863,25,2023/10/04 02:00 PM (PDT),Auction
510038044,ibenedictines.org,0,2,?627,Less than ?3 690,,2023/09/26 11:52 AM (PDT),Auction
512302062,111174.com,0,3,?627,Less than ?3 690,,2023/09/28 10:35 AM (PDT),Auction
512566372,rabbitnet.com,7,3,?627,?109 041,,2023/09/27 11:37 AM (PDT),Auction
512680171,hatfieldinsurance-agency.com,0,2,?627,?9 114,,2023/09/27 09:22 AM (PDT),Auction
512826751,ultimatekeychains.com,0,2,?627,?47 601,,2023/09/27 02:10 PM (PDT),Auction
512925896,mizi.net,19,2,?627,?94 428,,2023/09/27 11:40 AM (PDT),Auction
512927909,getpart.com,0,2,?627,?127 011,,2023/10/02 10:10 AM (PDT),Auction
513042558,appeasement.org,7,2,?627,?33 469,9,2023/09/25 01:56 PM (PDT),Auction
513052646,poloinformativohiv.info,0,2,?627,,,2023/09/28 11:02 AM (PDT),Auction
513362163,t00300.com,0,2,?627,Less than ?3 690,2,2023/09/25 01:32 PM (PDT),Auction
513384787,freepokercentral.com,7,2,?627,?40 443,11,2023/09/25 09:13 AM (PDT),Auction
513409959,howlerspittsburgh.com,28,2,?627,?42 915,9,2023/09/25 11:16 AM (PDT),Auction
513423195,transparentsolution.com,0,2,?627,?99 262,4,2023/09/25 12:02 PM (PDT),Auction
513432076,minetazo.net,1095,2,?627,?5 720,,2023/09/30 11:45 AM (PDT),Auction
513440241,clumped.com,10,3,?627,?79 852,,2023/09/29 10:10 AM (PDT),Auction
514012571,freevehiclehistoryreport.com,0,2,?627,?21 144,22,2023/09/26 10:02 AM (PDT),Auction
514047162,bobby-fischer.net,0,2,?627,Less than ?3 690,,2023/09/30 12:45 PM (PDT),Auction
514068272,airhitch.org,13,2,?627,?30 185,29,2023/09/27 12:37 PM (PDT),Auction
514069646,easterneronline.com,0,2,?627,?20 775,,2023/09/30 11:55 AM (PDT),Auction
514117315,6835.tv,0,2,?627,?14 834,1,2023/09/27 10:56 AM (PDT),Auction
514117316,6837.tv,0,2,?627,Less than ?3 690,1,2023/09/27 11:13 AM (PDT),Auction
514271587,932555.com,4,3,?627,?59 668,10,2023/09/26 01:08 PM (PDT),Auction
514274038,christianland.com,2,2,?627,?96 199,21,2023/09/26 01:00 PM (PDT),Auction
514296939,securewebsolutions.com,0,3,?627,?87 675,,2023/09/30 01:01 PM (PDT),Auction
514321459,bamacarry.org,20,2,?627,?18 192,11,2023/09/28 01:57 PM (PDT),Auction
514334565,vegasmarketindo.com,2,2,?627,?18 339,3,2023/09/27 10:19 AM (PDT),Auction
514351321,007222.com,2,3,?627,?20 812,10,2023/09/27 10:40 AM (PDT),Auction
514369237,expediteai.com,0,2,?627,?53 210,4,2023/09/27 12:29 PM (PDT),Auction
514369679,kushalla.com,0,2,?627,?259 041,6,2023/09/27 10:09 AM (PDT),Auction
514370753,alivepreservedplants.com,13,2,?627,?18 856,19,2023/09/27 10:19 AM (PDT),Auction
514371803,turinbikes.com,35,2,?627,?47 011,26,2023/09/27 09:57 AM (PDT),Auction
514922373,245000.com,7,3,?627,?65 978,19,2023/09/28 09:41 AM (PDT),Auction
514925989,openquicktime.org,15,2,?627,Less than ?3 690,21,2023/09/29 09:47 AM (PDT),Auction
514982699,628111.com,2,3,?627,?20 369,10,2023/09/28 09:28 AM (PDT),Auction
515151817,barrettforwisconsin.com,11,2,?627,?41 882,14,2023/09/29 09:19 AM (PDT),Auction
515224318,369l.com,41,2,?627,?83 173,,2023/10/01 02:25 PM (PDT),Auction
515246792,1124.cc,7,3,?627,?3 948,14,2023/10/01 09:22 AM (PDT),Auction
515291860,482666.com,0,3,?627,?17 159,10,2023/09/30 02:23 PM (PDT),Auction
515291862,714666.com,2,3,?627,?33 542,10,2023/09/30 02:12 PM (PDT),Auction
515308051,thecuriousgeorgestore.com,0,2,?627,?14 686,12,2023/09/30 11:32 AM (PDT),Auction
515341642,peerdata.com,0,2,?627,?121 808,,2023/10/02 12:23 PM (PDT),Auction
515378284,shoepack.com,4,2,?627,?79 889,21,2023/10/01 02:22 PM (PDT),Auction
515398125,iraq.me,0,2,?627,?72 399,15,2023/10/02 12:18 PM (PDT),Auction
515455597,bet172.com,2,2,?627,?55 535,9,2023/10/01 12:02 PM (PDT),Auction
515707360,dreamdepot.com,7,3,?627,?294 797,20,2023/10/03 12:43 PM (PDT),Auction
503236348,linkingpark.com,0,2,?554,?71 734,1,2023/09/25 12:29 PM (PDT),Auction
503236718,bestkneesupports.com,0,2,?554,?19 557,1,2023/09/25 11:37 AM (PDT),Auction
510137895,chronograph-divers.com,0,2,?554,?6 937,,2023/09/26 12:00 PM (PDT),Auction
510201270,blackleopardsfc.com,0,2,?554,?13 653,,2023/09/27 09:13 AM (PDT),Auction
511427160,jamaicatreasures.com,0,2,?554,?25 203,,2023/09/27 12:33 PM (PDT),Auction
512255512,ktoy1047.com,0,2,?554,?7 712,,2023/09/27 12:43 PM (PDT),Auction
512256586,kakkmaddafakka.com,0,2,?554,,,2023/09/25 11:49 AM (PDT),Auction
512336446,gamertagcreator.com,30,2,?554,?27 675,,2023/09/25 12:46 PM (PDT),Auction
512336453,privatewealthrobot.com,202,2,?554,?71 033,,2023/09/25 10:04 AM (PDT),Auction
512338889,maximusgames.com,16,2,?554,?69 889,,2023/09/25 12:31 PM (PDT),Auction
512348166,idobridalathens.com,0,2,?554,?16 236,,2023/09/28 10:12 AM (PDT),Auction
512369116,sensualmassageworld.com,23,2,?554,?12 620,,2023/09/25 11:19 AM (PDT),Auction
512389469,travelognesia.com,32,2,?554,?43 173,,2023/09/25 10:03 AM (PDT),Auction
512405571,dailytelescope.com,0,2,?554,?25 018,,2023/09/29 10:35 AM (PDT),Auction
512413319,zeiluan.com,0,2,?554,?43 469,,2023/09/25 11:15 AM (PDT),Auction
512461680,sterlingharper.com,0,2,?554,?41 919,,2023/09/25 09:25 AM (PDT),Auction
512507578,panama-guide.com,0,2,?554,?5 830,,2023/09/30 10:47 AM (PDT),Auction
512553465,sarahwardnursery.org,0,2,?554,?6 605,,2023/09/25 09:32 AM (PDT),Auction
512590132,podssolo.com,0,2,?554,?52 177,,2023/09/26 11:05 AM (PDT),Auction
512592781,bubavenue.com,0,2,?554,?49 299,,2023/09/25 11:58 AM (PDT),Auction
512597454,beverlyhillspeople.com,0,2,?554,?51 919,,2023/09/30 10:17 AM (PDT),Auction
512605642,qfonts.net,0,2,?554,Less than ?3 690,,2023/09/25 09:05 AM (PDT),Auction
512626430,stpeteshakesfest.org,0,2,?554,Less than ?3 690,,2023/09/27 10:57 AM (PDT),Auction
512627603,hicmis.org,0,2,?554,Less than ?3 690,,2023/09/27 02:15 PM (PDT),Auction
512645497,pafibandarlampung.org,38,2,?554,Less than ?3 690,,2023/09/28 10:32 AM (PDT),Auction
512675831,groja.com,30,2,?554,?55 461,,2023/09/27 11:28 AM (PDT),Auction
512822222,evailan.com,0,2,?554,Less than ?3 690,,2023/09/27 11:42 AM (PDT),Auction
512823858,verticaldistinct.com,0,2,?554,?50 258,,2023/09/27 01:00 PM (PDT),Auction
512830420,freedomcrusaders.com,0,2,?554,?60 886,,2023/09/26 02:08 PM (PDT),Auction
512833289,bettingguideandreview.com,29,2,?554,?22 399,,2023/09/28 01:42 PM (PDT),Auction
512838379,kitease.com,93,2,?554,?85 018,,2023/09/28 12:11 PM (PDT),Auction
512861692,mbp-tokyo.com,0,2,?554,?8 192,,2023/09/29 11:38 AM (PDT),Auction
512919833,sortrature.com,0,2,?554,?52 657,,2023/09/28 09:55 AM (PDT),Auction
513031817,ssmcbd.net,45,2,?554,Less than ?3 690,,2023/09/29 01:53 PM (PDT),Auction
513057433,casagrandemexicana.com,0,2,?554,?23 911,,2023/09/27 12:37 PM (PDT),Auction
513066141,rainhotel.com,147,2,?554,?88 229,,2023/09/29 12:05 PM (PDT),Auction
513130198,miniwatts.com,177,2,?554,?66 347,,2023/09/30 12:10 PM (PDT),Auction
513281368,voicesofinspiration.org,13,2,?554,?5 941,4,2023/09/26 12:47 PM (PDT),Auction
513287148,amsrj.org,63,2,?554,?14 428,10,2023/09/26 10:36 AM (PDT),Auction
513298524,mazda.info,0,2,?554,?76 642,6,2023/09/26 09:30 AM (PDT),Auction
513299648,likigram.com,0,2,?554,?48 672,,2023/09/29 09:14 AM (PDT),Auction
513302273,gcloud.co,0,2,?554,?86 642,3,2023/09/25 01:20 PM (PDT),Auction
513308940,pancake.us,2,2,?554,?69 889,18,2023/09/25 11:53 AM (PDT),Auction
513374736,techhindi.org,30,2,?554,?16 642,7,2023/09/25 02:01 PM (PDT),Auction
513395992,windfreak.com,0,2,?554,?75 683,,2023/09/28 02:11 PM (PDT),Auction
513407096,solercapital.com,0,2,?554,?126 679,15,2023/09/25 09:16 AM (PDT),Auction
513413988,velaf.com,4,2,?554,?72 509,1,2023/09/25 11:08 AM (PDT),Auction
513416050,pmurl.com,0,2,?554,?65 646,5,2023/09/25 09:20 AM (PDT),Auction
513418777,storiesinmotion.com,15,2,?554,?171 919,24,2023/09/25 11:34 AM (PDT),Auction
513439391,wgswell.com,0,2,?554,?46 384,,2023/09/29 01:32 PM (PDT),Auction
513439535,superrangegolf.com,0,2,?554,?47 159,,2023/09/29 10:30 AM (PDT),Auction
513444842,ontheroad.org,0,2,?554,?94 280,,2023/09/30 09:50 AM (PDT),Auction
513662821,cachoeira.com,49,2,?554,?141 550,,2023/10/01 01:41 PM (PDT),Auction
514014307,directmailexperts.com,0,2,?554,?49 668,23,2023/09/26 01:31 PM (PDT),Auction
514027320,bestoftechguide.com,15,2,?554,?45 535,3,2023/09/26 11:39 AM (PDT),Auction
514027332,notethequote.com,0,2,?554,?47 048,4,2023/09/26 12:25 PM (PDT),Auction
514066967,jenhuangblog.com,0,2,?554,?6 827,,2023/09/30 11:52 AM (PDT),Auction
514094176,stroiteli.info,0,2,?554,Less than ?3 690,19,2023/09/27 01:38 PM (PDT),Auction
514101017,deccanexpress.co,0,2,?554,,3,2023/09/26 09:10 AM (PDT),Auction
514126356,3dprintzone.us,48,2,?554,,10,2023/09/26 11:55 AM (PDT),Auction
514138135,irgsc.org,0,2,?554,?12 731,,2023/09/29 11:53 AM (PDT),Auction
514163565,faizialiphotography.com,89,2,?554,?8 376,6,2023/09/26 09:23 AM (PDT),Auction
514212319,grittytravel.com,54,2,?554,?48 229,5,2023/09/26 12:45 PM (PDT),Auction
514261069,ushealthadvisors.com,0,2,?554,?149 705,22,2023/09/26 09:11 AM (PDT),Auction
514268700,beautyandthebookshelf.com,0,2,?554,?42 546,10,2023/09/26 09:24 AM (PDT),Auction
514269264,smartmartstore.com,15,2,?554,?46 347,5,2023/09/26 01:27 PM (PDT),Auction
514287891,mississippiraiders.com,0,2,?554,?20 148,4,2023/09/26 12:22 PM (PDT),Auction
514294613,sein.us,15,2,?554,?10 886,5,2023/09/26 10:30 AM (PDT),Auction
514316572,emojifull.com,4,2,?554,?45 240,4,2023/09/27 10:50 AM (PDT),Auction
514320142,bodymodorganics.net,17,2,?554,?4 244,5,2023/09/27 01:55 PM (PDT),Auction
514320469,asian-dog-rescue.org,13,2,?554,Less than ?3 690,19,2023/09/28 09:39 AM (PDT),Auction
514338763,myhealthincheck.com,2,2,?554,?44 797,8,2023/09/27 11:05 AM (PDT),Auction
514343315,vegus24hr.com,13,2,?554,?42 251,7,2023/09/27 09:46 AM (PDT),Auction
514343339,postdob.com,122,2,?554,?47 417,5,2023/09/27 09:15 AM (PDT),Auction
514367329,seeyouinthemorning.com,159,2,?554,?38 413,11,2023/09/27 01:41 PM (PDT),Auction
514368065,kartracingleague.com,61,2,?554,?80 406,2,2023/09/27 09:50 AM (PDT),Auction
514370109,sixvertical.com,28,2,?554,?97 011,7,2023/09/27 01:36 PM (PDT),Auction
514929669,thecheesecave.co,0,2,?554,,9,2023/09/28 12:54 PM (PDT),Auction
514941182,footballhelmetsrus.com,52,2,?554,?35 756,15,2023/09/28 12:58 PM (PDT),Auction
514964388,jokesgallery.com,0,2,?554,?28 450,23,2023/09/28 11:31 AM (PDT),Auction
514965167,technosamrat.com,13,2,?554,?31 550,15,2023/09/28 11:08 AM (PDT),Auction
514977883,optivue.com,9,2,?554,?77 343,23,2023/09/28 01:46 PM (PDT),Auction
514981921,evaysusjuguetes.com,2,2,?554,?9 963,2,2023/09/28 10:21 AM (PDT),Auction
514984262,gerbilsky.com,0,2,?554,?48 672,6,2023/09/28 12:19 PM (PDT),Auction
514984347,viajadviajadmalditos.com,0,2,?554,?8 967,9,2023/09/28 10:53 AM (PDT),Auction
515001830,wisetut.com,0,2,?554,?48 044,3,2023/09/28 12:57 PM (PDT),Auction
515057735,tinyrevolution.us,0,2,?554,Less than ?3 690,13,2023/09/29 01:08 PM (PDT),Auction
515058607,nrorose.me,2818,2,?554,,1,2023/09/30 11:04 AM (PDT),Auction
515132588,thescientificstartup.com,13,2,?554,Less than ?3 690,1,2023/09/29 10:22 AM (PDT),Auction
515141380,thelavish.com,15,2,?554,?128 598,13,2023/09/29 10:08 AM (PDT),Auction
515150145,briarwoodrunningcamp.com,9,2,?554,?14 908,17,2023/09/29 01:23 PM (PDT),Auction
515153169,powerarch.com,4,2,?554,?139 041,26,2023/09/29 12:06 PM (PDT),Auction
515235976,ochempal.org,7,2,?554,?4 317,8,2023/09/29 09:22 AM (PDT),Auction
515245167,urmi.org,15,2,?554,?47 159,15,2023/10/01 09:58 AM (PDT),Auction
515253418,kaganof.com,0,2,?554,?47 380,18,2023/09/30 11:55 AM (PDT),Auction
515253555,memoryhealer.com,83,2,?554,?123 764,9,2023/09/30 12:20 PM (PDT),Auction
515274790,movermatch.com,11,2,?554,?141 661,24,2023/09/30 12:07 PM (PDT),Auction
515281633,stevespizzaonline.com,20,2,?554,?19 520,10,2023/09/30 02:25 PM (PDT),Auction
515317387,thebarkleypethotel.com,33,2,?554,?22 952,20,2023/09/30 12:01 PM (PDT),Auction
515338326,bisdex.com,7,2,?554,?53 100,25,2023/09/30 11:59 AM (PDT),Auction
515344259,aboutcolor.com,0,2,?554,?113 985,,2023/10/01 11:47 AM (PDT),Auction
515387804,deafworldweb.org,43,2,?554,Less than ?3 690,20,2023/10/02 02:20 PM (PDT),Auction
515447217,authenticconnection.com,4,2,?554,?185 277,20,2023/10/01 09:38 AM (PDT),Auction
515455436,proximityhealth.com,2,2,?554,?181 107,11,2023/10/01 09:32 AM (PDT),Auction
515461772,beaniehat.com,0,2,?554,?95 129,21,2023/10/01 10:32 AM (PDT),Auction
515549923,hairbyjessalyn.com,24,2,?554,?19 742,5,2023/10/02 12:37 PM (PDT),Auction
515556649,planetherb.com,9,2,?554,?135 277,22,2023/10/02 10:17 AM (PDT),Auction
515558478,ohmypie.com,0,2,?554,?109 815,14,2023/10/02 01:20 PM (PDT),Auction
515669280,swolehousemeals.com,126,2,?554,?22 583,6,2023/10/02 09:28 AM (PDT),Auction
515681819,vxlan.com,2,2,?554,?181 439,12,2023/10/03 10:40 AM (PDT),Auction
515686300,abcfortcollins.org,50,2,?554,Less than ?3 690,17,2023/10/04 12:43 PM (PDT),Auction
515694544,jioairfiber.com,261,2,?554,Less than ?3 690,1,2023/10/03 02:16 PM (PDT),Auction
515708202,knowd.com,0,2,?554,?192 731,13,2023/10/03 02:10 PM (PDT),Auction
515709761,agentevolution.com,150,2,?554,?93 469,14,2023/10/03 12:50 PM (PDT),Auction
515715390,twinsecurity.com,0,2,?554,?123 063,17,2023/10/03 11:40 AM (PDT),Auction
515716775,essentialchocolate.com,17,2,?554,?69 926,23,2023/10/03 11:31 AM (PDT),Auction
515720160,ipplanet.com,13,2,?554,?132 620,25,2023/10/03 09:50 AM (PDT),Auction
515891046,guio.com,22,2,?554,?416 679,21,2023/10/05 01:44 PM (PDT),Auction
515894131,gocp.com,4,2,?554,?215 683,10,2023/10/05 09:59 AM (PDT),Auction
515895970,izmk.com,4,2,?554,?158 376,15,2023/10/05 11:04 AM (PDT),Auction
